Tree_ID,Age_Years,Rainfall_mm,Avg_Temp_C,Soil_pH,Altitude_m,Heartwood_Yield_Kg
1,12.5,893,29.4,7.62,648,4.8
2,24,870,32.5,6.43,656,18.91
3,19.6,1859,31.9,8.18,503,17.87
4,17,874,24,7.53,649,11.28
5,8.1,908,23.9,6.39,559,0
6,8.1,1639,25.5,8.41,643,4.2
7,6.2,1175,26.7,7.3,597,0
8,22.3,1665,27.3,6.18,601,18.22
9,17,598,30.8,7.57,591,8.88
10,19.2,1231,22.7,6.63,661,19.96
11,5.4,550,22.5,8.01,538,0.36
12,24.4,594,27.1,8.04,630,15.83
13,21.6,1860,31.1,8.45,655,20.4
14,9.2,709,24.5,7.25,636,3.85
15,8.6,1299,30.3,7.14,716,2.06
16,8.7,1117,25.4,7.88,574,3.06
17,11.1,1021,33.5,6.33,648,3.44
18,15.5,1850,33.6,7.37,595,13.12
19,13.6,533,25.9,7.37,662,4.76
20,10.8,1496,25,6.22,600,2.42
21,17.2,1945,27.3,7.04,581,18.67
22,7.8,1340,25.1,8.13,665,2.46
23,10.8,1905,30.7,8.14,575,5.13
24,12.3,578,32.7,6.25,529,8.01
25,14.1,1128,30.8,6.23,574,7.87
26,20.7,890,32.7,6.66,631,18.16
27,9,1596,27.2,8.19,670,2.47
28,15.3,1972,24,6.32,606,10.08
29,16.8,885,31.6,7.8,666,10.44
30,5.9,1481,26.7,6.25,532,1.72
31,17.2,797,30.7,7.56,578,11.03
32,8.4,1348,25.5,6.89,586,3.01
33,6.3,1196,23.1,7.97,594,1.55
34,24,1958,34.9,6.58,604,29.13
35,24.3,1413,24,7.6,635,17.98
36,21.2,1024,34.8,6.59,578,18.05
37,11.1,671,34.7,7.78,607,4.63
38,7,727,32.3,8.18,598,0
39,18.7,838,30.6,6.32,554,12.66
40,13.8,876,29.5,8.17,594,7.25
41,7.4,1776,33.3,7.48,593,3.88
42,14.9,1342,25.8,6.32,592,6.92
43,5.7,1285,28.1,7.07,602,0
44,23.2,672,30.1,6.4,604,17.17
45,10.2,1790,27.3,7.75,578,3.38
46,18.3,1584,27.6,7.9,664,13.98
47,11.2,602,26.3,6.26,542,5.01
48,15.4,1562,29.3,7.27,564,14.43
49,15.9,1315,33.1,8.04,739,8.52
50,8.7,623,24.6,8.34,548,0.8
51,24.4,1187,34.1,7.28,532,25.93
52,20.5,1227,31,8.38,637,16.85
53,23.8,749,32.7,7.34,496,25.33
54,22.9,1919,29.2,6.99,588,26.58
55,17,1775,32.1,8.12,707,12.85
56,23.4,1504,22.2,7.23,523,21.16
57,6.8,1193,32.6,7.18,501,0
58,8.9,1118,22.5,7.23,525,1.56
59,5.9,1476,33.6,8.12,645,0.98
60,11.5,1318,34.9,8.08,656,5.92
61,12.8,593,25.8,7.01,574,4.86
62,10.4,1269,24.7,6.83,634,3.96
63,21.6,1710,31.9,7.23,670,24.15
64,12.1,1189,25.3,7.43,689,7.37
65,10.6,578,33.3,6.6,588,5.46
66,15.9,1679,23.3,7.98,485,10.93
67,7.8,802,23.6,7.22,559,2.44
68,21,888,34.7,6.84,579,19.7
69,6.5,747,30.8,6.27,587,0
70,24.7,995,33,6.6,591,23.19
71,20.4,1635,26.2,8.37,656,16.45
72,9,1279,30.8,6.76,664,0
73,5.1,807,29.7,6.42,591,0
74,21.3,1817,29.8,7.15,655,22.07
75,19.1,1819,30.9,6.77,618,17.14
76,19.6,1806,29.5,6.09,603,14.62
77,20.4,858,27.6,6.81,645,18.36
78,6.5,1177,25.6,7.36,604,0.35
79,12.2,1977,32,7.38,703,8.64
80,7.3,1658,24.9,6.89,528,0.46
81,22.3,541,31,7.12,574,18.98
82,17.5,598,25,8.41,594,11.95
83,11.6,1196,30.1,6.94,622,6.65
84,6.3,1864,31.7,6.65,663,0
85,11.2,1308,24.8,6.61,599,8.17
86,11.5,1247,22.8,7.14,529,6.47
87,19.6,658,23.7,7.9,642,11.24
88,17.8,1485,29.9,6.51,638,13.98
89,22.7,1733,33,7.77,503,21.07
90,14.4,1071,22.6,6.05,600,7.54
91,7.4,1663,31.5,7.05,520,2.36
92,19.3,1947,26.4,7.94,567,14.99
93,20.2,806,28.2,6.85,555,15.55
94,16.2,1285,34.1,7.41,640,15
95,20.4,931,26.3,6.51,606,18.56
96,14.9,1689,28,7.85,536,9.94
97,15.5,1366,22.2,6.13,644,10.24
98,13.6,1452,23.1,8.13,528,7.28
99,5.5,1697,25.4,6.5,617,0.35
100,7.2,1094,22.4,8.19,559,1.75
101,5.6,1873,30.2,6.88,582,0.94
102,17.7,1300,27.5,7.81,625,11.97
103,11.3,737,29.1,6.8,626,7.45
104,15.2,1544,24.3,8.26,667,5.87
105,23.2,1690,25.8,6.32,596,22.5
106,10,975,30.6,6.45,615,0.73
107,13.2,1786,34.5,7.23,578,9.16
108,20.1,1859,22.7,6.2,609,15.64
109,9.6,915,33.6,6.49,622,2.67
110,6.5,1975,29.5,8.36,595,1.51
111,10.8,711,29.3,8.44,510,2.33
112,8.2,803,28.5,6.94,617,1.95
113,23.6,776,22.9,8.31,618,15.38
114,21.2,1841,23.2,7.36,566,21.23
115,17.7,1481,29.8,6.67,536,15.62
116,22.4,728,26.4,7.76,674,15.65
117,21.1,1160,33.9,7.65,625,15.79
118,8.7,1423,27.3,8.47,589,1.25
119,22.9,625,23.9,6.66,543,18.99
120,15.8,1824,31.3,7.68,559,12.83
121,21.1,1705,25.8,6.13,665,16.16
122,22.9,1258,28.8,6.28,607,16.93
123,11.4,1951,31.1,6.01,572,6.7
124,7.2,1127,33.7,8.5,625,0
125,9.6,1976,32.3,8.01,559,4.69
126,13.5,1502,30.8,7.97,675,6.63
127,21.4,1452,30.8,7.27,668,18.59
128,22.2,749,34.3,6.75,577,19.48
129,5.1,1823,25.8,6.38,569,0
130,15.2,1141,22,6.71,469,10.36
131,13.3,743,25.5,6.94,526,6.8
132,9.4,519,24.8,7.89,533,3.42
133,7.4,1340,30.6,7.35,607,0
134,11.8,1291,30.2,6.19,584,5.78
135,23.9,1579,29.7,6.05,533,20.9
136,11.5,1835,22.2,6.26,586,5.59
137,15.4,619,31.5,7.03,625,10.53
138,19.1,1597,26.2,8.33,626,15.09
139,12.3,781,30.6,7.59,505,4.4
140,24.4,1787,29.2,8,594,24.16
141,24.2,1729,26.5,7.17,531,25.33
142,10,1311,23.7,6.9,645,2.11
143,14.9,1565,23.2,6.27,639,9.38
144,11,972,32.8,8.19,555,3.24
145,10.7,1207,33.9,7.96,562,5.4
146,5.7,1732,30.4,6.42,577,3.31
147,17.2,1189,23.3,7.28,487,12.13
148,15.1,1037,27.2,7.22,617,11.12
149,6,1241,31.5,7.56,586,0
150,10.6,1742,32.1,8.37,649,5.3
151,23.2,1003,23.5,7.45,545,19.07
152,9.8,761,22,7.35,569,2.36
153,7.9,1568,31.3,6.13,525,0
154,14.8,1739,26.6,6.16,550,10.62
155,24.7,651,25.3,6.47,541,18.83
156,9.8,860,22.2,6.08,650,2.84
157,18.4,713,29,7.86,565,10.47
158,20.2,1022,33.1,7.81,606,17.46
159,9.8,1176,34.4,6.34,581,2.15
160,19.6,1623,29.4,8.09,537,12.22
161,12.4,1477,28.7,6.39,592,7.07
162,17.6,1431,23.1,6.75,630,12.86
163,17.7,1029,29.1,6.62,540,15.81
164,15.7,1762,26.9,6.93,640,12.55
165,6.8,1207,29.9,6.64,558,0.91
166,21.7,1969,27.1,7.22,576,25.06
167,11.4,1451,25.1,7.02,627,4.36
168,8.7,689,23.2,8.47,567,0.82
169,5.8,1514,26.1,6.14,602,0
170,16.8,988,23.3,6.36,584,12.38
171,18.6,1529,24.3,6.13,606,12.3
172,5.3,604,34.8,7.56,481,0
173,15.2,762,27.8,6.14,509,9.18
174,9.5,1784,28.9,8.09,631,2.32
175,17.9,841,33.4,7.28,652,14.91
176,8.5,1756,34.9,7.32,554,0.09
177,18.8,919,29.6,7.4,588,18.91
178,12.7,1464,32.6,6.43,615,5.06
179,23.7,1541,26.3,6.49,635,19.2
180,7.8,1269,26,6.8,499,0
181,11.8,958,27.2,7.48,556,9.13
182,7.3,819,30.7,6.53,583,0
183,23.5,550,30.9,6.29,635,19.65
184,22.5,956,26.1,8.43,725,17.46
185,10.2,1480,23.7,6.05,589,4.2
186,18.2,1907,30.2,8.01,530,13.13
187,21.3,1807,23.7,7.97,620,18.07
188,16.1,1649,29.5,6.74,666,12.7
189,15.6,1683,31,6.34,605,12.77
190,9.8,1497,31.1,6.36,555,2.02
191,6.9,890,31.8,7.74,648,0
192,22.9,1861,33.3,7.61,633,20.43
193,23,1506,28.5,7.96,549,17.65
194,17.7,1341,31.5,8.34,619,13.84
195,11.8,666,30,7.73,650,5.72
196,12,1171,24.4,6.39,659,7.18
197,19.5,1191,22.3,6.61,597,13.51
198,22.9,1797,25.7,8.11,582,21.1
199,22.7,1320,27.8,6.52,661,25.81
200,20.6,1071,30,6.18,539,14.52
201,17.8,1965,33,7.76,622,17.52
202,6.7,666,24.6,7.01,531,0
203,8.2,1134,23.6,8.3,653,0
204,23,563,34.5,7.63,587,16.31
205,17.1,1610,23.4,6.23,663,13.28
206,5.2,1877,28.2,8.37,625,0
207,7,920,29.6,6.65,539,0
208,18.3,1788,29,6.84,671,18.29
209,5.1,938,23.1,7.01,678,0
210,8.2,1866,22.7,6.13,644,2.34
211,16,1631,23.4,7.24,562,13.08
212,18.8,1707,29.6,6.31,585,15.55
213,18,527,29.1,7,607,12.69
214,9.5,1944,25,6.88,565,4.13
215,19.2,1590,30.3,7.93,685,13.73
216,9.7,957,32.7,8.01,607,5.01
217,11.5,1744,22.5,6.38,465,4.34
218,19.9,922,28.5,6.92,617,18.58
219,18,1809,31,6.93,583,17.01
220,22,669,25.3,6.38,596,15
221,18.2,1556,26,8,582,12.37
222,16.4,1311,30,7.77,640,9.43
223,6.9,645,33.7,6.48,656,0
224,12.4,863,32.5,6.92,614,5.6
225,10.3,519,29.6,6.26,583,2.79
226,9.9,1203,31.5,7.57,598,3.67
227,24.5,952,26.7,6.3,601,19.96
228,12.9,1398,30.3,8.46,560,6.33
229,22.8,946,28.1,7.95,629,15.61
230,17.6,950,24.5,6.98,623,11.23
231,20.9,1615,31.1,7.45,677,21.96
232,15.1,572,29.2,8.28,663,10.13
233,16.5,1854,26.7,7.39,566,16.44
234,14.9,1778,33.8,6.44,641,11.44
235,8.9,1502,22.3,6.95,552,3.57
236,19.4,1390,26.1,8.11,635,16.77
237,10.6,1838,22.7,7.61,574,4.82
238,5.5,778,32,7.63,549,0.97
239,17.9,618,31.1,8.17,614,10.74
240,8.5,859,26.3,8.23,466,0
241,23.8,1692,30.8,8.3,512,20.22
242,24.1,552,27.1,6.24,591,16.64
243,23.3,1374,31.8,7.36,604,24.1
244,12.4,1993,27.9,7.85,582,9.88
245,5.3,1784,27.4,7.89,521,0.12
246,23.6,1282,34.2,7.52,559,21.83
247,13.6,595,25.3,6.42,620,5.68
248,24.3,1747,23.6,7.99,629,20.1
249,24.3,1398,29.6,7.8,599,18.47
250,22.1,672,34.6,6.22,658,15.09
251,10.9,641,26.9,7.16,620,5.5
252,12.7,1864,22.8,6.43,563,6.86
253,22,1504,26.4,6.84,586,22.9
254,11.3,1744,28.6,6.05,530,5.69
255,8.4,1818,24.1,7,595,1.52
256,16.1,1358,30.6,7.37,656,16.47
257,23.7,1276,35,7.55,634,20.25
258,18.9,1146,27.9,7.66,670,14.98
259,16.4,975,26.6,8.09,585,9.36
260,6.9,1152,27.2,6.54,667,1.06
261,17.3,1661,23.5,6.3,590,13.42
262,24.8,1403,33.5,8.13,674,22.23
263,7.8,1839,27.4,6.39,599,0
264,15.4,1165,27,8.44,635,9.27
265,22.5,1411,30.6,8.11,674,20.48
266,19.8,1447,27.7,7.25,590,19.17
267,18.9,1388,30.4,8.45,611,14.9
268,19,1554,22.8,6.24,664,11.12
269,12.2,856,32.6,6.76,593,5.88
270,10.9,1269,34.2,7.6,534,5.3
271,21.2,656,30.4,6.88,707,18.48
272,21.2,1077,34.4,8.32,577,18.39
273,22.3,1232,24,6.16,608,16.42
274,23.3,1478,28.2,7.37,658,24.18
275,15.2,1926,29.8,7.48,570,13.13
276,15,1401,29.6,7.63,550,8.03
277,21,1615,27.2,6.64,613,17.16
278,18,1259,26.4,6.91,510,15.67
279,19,1451,23.6,8.11,586,13.82
280,20.9,606,27.1,6.49,612,12.79
281,22.8,882,24.1,8.07,587,13.58
282,11.8,1043,31.5,7.41,523,7.51
283,12.5,1209,24.7,7.91,680,5.6
284,6.9,568,22.8,7.78,605,0.84
285,16.6,710,29.2,6.52,672,14.83
286,5.7,915,29.7,7.42,587,0
287,14.3,1957,33.3,8.17,556,8.86
288,15.9,997,29.5,7.08,613,11.54
289,10.7,1223,26.5,8.42,589,6.33
290,16.8,794,32.4,7.13,541,10.52
291,5.6,1416,29,6.36,673,2.9
292,5.7,921,23,6.97,569,0.2
293,21.5,810,29.4,8.38,508,15.08
294,12.2,1275,33.8,6.8,666,7.37
295,7.5,508,27.2,8.17,575,0
296,15.4,511,25.9,8.2,570,9.62
297,20.4,829,23.9,6.88,512,14.77
298,9.3,555,24,6.21,687,2.71
299,17.5,662,27.6,7.81,536,9.92
300,6.7,1008,29.7,6.78,603,0
301,6,1704,23,7.96,646,3.88
302,15.6,1358,34.2,7.11,621,13.59
303,15.8,1269,31.8,7.21,597,13.65
304,17.7,940,29.6,7.94,515,13.36
305,19.5,1898,32.8,6.96,560,18.29
306,24.5,1096,23,7.11,609,25.02
307,15.3,631,28.2,6.94,561,6.44
308,11.5,1426,30.2,6.92,610,5.37
309,20.9,671,32.8,7.31,634,17.27
310,10.4,1018,32.2,8.02,648,4.73
311,13.8,1261,25.6,6.9,539,9.52
312,6.6,1811,34.2,7.31,710,0
313,5.5,1240,23.6,7.68,638,0
314,24.3,1553,33.4,6.67,600,25.19
315,21.7,1989,34.6,6.69,654,22.57
316,18.9,697,24.3,8.33,718,12.74
317,13.2,912,31.4,7.81,528,7.82
318,8.5,1092,22.5,7.44,589,4.24
319,8.1,1133,27.3,7.62,481,0.06
320,10,1117,28.7,6.07,610,4.38
321,16,1861,29.5,7.55,618,11.13
322,19.3,1571,34.2,7.27,598,20.98
323,18.2,1412,30.7,7.36,567,17.98
324,10.6,964,28.3,6.9,498,5.05
325,24.1,1736,32.5,6.2,619,21.63
326,19.8,1933,34.4,6.48,673,18.83
327,16.1,1732,22.3,8.38,570,11.58
328,17.2,502,34.8,7.02,622,11.96
329,13.4,1455,23.1,7.17,522,6.76
330,10,577,32.6,6.13,623,2.62
331,12.1,886,25.6,6.09,580,7.55
332,20.2,589,23.7,7.79,562,14.2
333,5.3,1406,27.7,7.35,562,0
334,7.3,1530,30.4,7.27,580,0
335,5.9,672,27,6.61,619,1.91
336,5.8,1076,22.7,7.86,534,0
337,22.1,1184,29.8,6.42,580,17.99
338,19.1,1054,33.7,6.47,598,13.01
339,14.5,682,27,7.15,545,11.58
340,7,1128,24.8,6.72,690,0
341,14.8,1627,27.8,6.62,557,13.32
342,14.5,607,22.6,7.61,567,7.31
343,8.5,620,32.7,7.63,551,1.91
344,13.7,1032,32.7,8.06,690,4.65
345,13,1913,29.6,7.04,628,6.17
346,17.3,1503,26.6,6.18,553,11.76
347,17.7,1518,32.4,6.68,655,16.65
348,5.9,1043,29.2,8.45,610,0
349,12.5,1390,32.7,7.49,613,6.55
350,17.5,515,30.2,7.77,583,11.33
351,15.1,1454,32.2,6.02,563,10.74
352,22.1,1870,29.8,7.3,617,23.66
353,18.2,1419,27.4,6.09,573,14.17
354,8.3,1811,34.5,7.42,691,0.29
355,6.4,1586,29,8.3,537,0
356,17.8,681,29.9,8.42,677,13.64
357,5.5,1854,24.9,7.35,594,0.1
358,16.7,600,30.1,7.15,615,12.24
359,23.8,1301,29.4,8.36,642,22.98
360,16.5,713,24.4,7.68,568,7.23
361,12.8,518,22.8,6.16,643,6.52
362,17.9,1133,29.9,7.16,465,17.49
363,14.2,943,31.9,6.6,564,9.23
364,15.9,1229,28.8,7.17,554,13.69
365,23.8,1366,24.9,7.14,537,21.64
366,12.7,566,30.7,7.46,589,6.05
367,24.2,685,23,6.89,619,20.82
368,23.1,1338,27.7,6.41,635,19.72
369,8.9,1015,24.1,7.26,612,4.12
370,6.4,1594,24.4,8.08,567,2.35
371,7,1478,24.6,7.66,618,0
372,5.4,1768,27,6.85,606,1.79
373,6.9,1539,22.7,8.34,647,0
374,18.7,1145,27.2,8.28,639,14.2
375,6.4,1509,28.7,6.52,602,0.31
376,11.4,913,28.3,6.1,555,5.33
377,21.9,959,27,7.85,567,16.43
378,5.5,1683,32.9,8.07,573,0
379,21.3,1170,23.9,8.42,584,13.61
380,10.6,1698,28.6,8.22,613,4.66
381,7.4,1734,22.8,7.5,636,0
382,18.9,1786,22.9,7.33,597,18.55
383,17.6,1875,29.5,6.07,601,14.93
384,22.5,1146,29.4,6.62,607,21.9
385,19.7,978,33.4,7.15,574,15.92
386,21.1,1373,29.3,7.57,554,18.6
387,10.6,1057,34.5,7.39,512,8.23
388,8.5,1402,22.6,7.86,565,1.93
389,20,1558,23.3,6.7,624,18.96
390,21.1,1533,22.6,7.41,565,19.83
391,24.8,1062,24.4,6.22,588,19.57
392,13.3,750,29,7.03,623,7.74
393,12.4,1146,30.4,7.88,626,6.14
394,20.5,714,22.6,7.73,546,14.39
395,11.8,1835,34.3,8.48,650,9.97
396,23.6,1019,32.9,6.69,656,21
397,22.2,732,25.9,7.25,544,18.39
398,13.6,538,23,6.82,559,5.72
399,20,1469,24.2,7.1,660,20.47
400,20.1,1455,23.7,8.14,593,13.87
401,7.1,1011,23.6,7.71,489,0
402,23.1,608,28.7,8.21,530,17.05
403,15.1,1114,25.2,6.51,588,13.25
404,21.5,967,26.7,8.18,542,16.37
405,11.4,1516,34.9,6.15,579,5.91
406,22.9,1409,30.9,8.22,602,19.74
407,12.8,1047,34.3,6.82,673,10.32
408,5.2,827,23.9,6.79,585,0
409,23.1,1982,27,7.28,654,25.01
410,6.8,1181,29.2,8.35,671,0
411,11.4,1532,23,6.12,672,3.23
412,24,711,22.1,6.88,614,19.39
413,24,1228,30.7,8.14,502,21.4
414,16.5,541,30.3,6.99,623,12.47
415,17.6,1258,27.3,6.5,652,12.97
416,14,1946,28.4,7.06,596,11.2
417,10.9,1076,27.4,6.96,687,5.93
418,11.6,558,22.3,8.29,643,3.05
419,18.5,546,26.4,7.9,628,10.6
420,20,1082,24.3,7.26,654,17.15
421,20.8,740,23.3,8.47,617,13.91
422,20.8,535,34.4,7.16,475,18.06
423,6.8,1634,29.8,6.15,575,0
424,14.9,1188,31.5,6.66,660,10.61
425,6.2,934,26.1,7.09,560,4.74
426,16,1850,27.1,6.39,589,12.62
427,13.8,674,25.1,8.37,548,7.31
428,22.8,1934,23.3,7.92,689,18.89
429,12,971,24.3,6.67,684,5.67
430,7.3,1833,32.4,7.48,556,0
431,7.9,1404,30.8,7.8,607,0.44
432,20.2,1740,29.1,8.35,566,13.76
433,17.4,1976,28.2,8.2,631,11.05
434,7,933,34,7.29,625,0
435,6.7,1942,22.9,7.94,641,0.31
436,19,1084,25.6,7.41,617,15.39
437,6.5,1078,26.5,7.38,747,2.22
438,21.4,1011,32.2,6.29,549,14.05
439,19.1,1312,34.9,6.32,514,13.75
440,6.6,731,25.1,7.32,580,2.28
441,6.7,1331,33.4,6.67,522,0.2
442,24.7,1313,32.8,6.05,525,22.65
443,12.5,1643,24.9,7.81,550,9.56
444,12.4,1750,27.2,6.08,554,5.63
445,21.3,1161,27.3,7.49,552,19.14
446,23.9,953,34.7,7.35,626,23.24
447,24.7,889,24.4,8.42,575,15.1
448,20.1,792,32.4,7.21,591,16.79
449,12.5,586,26.3,6.16,645,6.7
450,6.7,1014,31.5,7.38,562,0.81
451,20.5,905,27.5,8.1,587,15.2
452,16.2,1950,29.5,8.49,618,11.4
453,13.5,1337,32.8,7.08,503,8.59
454,23.1,1021,32.5,6.8,481,24.23
455,7.2,1371,33.3,8.27,617,0
456,14.9,709,22.8,6.48,625,8.01
457,5.2,1166,31,7.54,703,0.25
458,14.4,1439,23.8,7.01,608,12.34
459,6.1,1233,27.4,6.1,641,1.46
460,7.4,1103,29.1,6.87,590,0
461,7.4,1991,27.2,6.66,615,0
462,18,1820,28.8,7.72,683,14.78
463,19.9,1435,35,8.37,494,16.13
464,16.7,1354,23.8,6.67,621,12.4
465,24.2,1431,30.8,8.03,707,22.31
466,12.5,802,27.1,6.14,614,5.93
467,10.7,1093,23.7,7.35,683,4.86
468,22.4,559,24.1,6.18,569,15.71
469,9.5,1213,34.3,8.34,598,2.4
470,24.3,1315,33.4,7.92,602,23.25
471,5.2,842,33.8,7.64,489,0
472,24.4,1946,34.9,8.06,542,24.87
473,5.9,1864,24.7,7.62,545,2.15
474,22.8,1583,26.6,8.42,641,16.75
475,15.6,1300,30.7,7.78,644,9.54
476,24.9,1805,28.3,8.31,616,24.17
477,6.5,696,27.4,7.29,641,1.74
478,16.1,1686,26.7,6.29,592,10.74
479,24.4,687,29.7,7.32,660,20.78
480,15.5,1691,29.5,6.32,600,11.99
481,17.6,914,24.1,7.48,603,14.97
482,18.9,1816,28.1,7.21,587,16.57
483,14.1,1916,29.2,7.56,634,7.36
484,17.6,723,29.4,6.03,579,11.25
485,16.7,1194,24.7,6.49,649,11.46
486,23,1971,31.6,7.23,543,25.73
487,5.9,1225,22.3,8.38,545,1.02
488,10.6,1795,26.6,6.96,634,4.4
489,24,1383,32.1,7.06,596,22
490,22.8,1063,29.3,7.79,577,16.88
491,14.1,929,25.4,7.51,645,7.47
492,17.4,805,31,6.75,570,13.18
493,10.5,1643,29.4,7.03,590,3.62
494,8.8,1080,32.4,6.54,670,0
495,14.3,1267,31.6,8.42,677,7.8
496,12.1,1238,29.9,6.33,679,7.19
497,16.7,1366,28.3,6.93,586,15.63
498,6.6,1798,23.7,6.06,662,1.78
499,24.5,1971,25.4,6.55,553,25.63
500,24.7,1111,27.4,7.95,555,17.73
501,19,1741,29.8,6.5,482,19.2
502,15.7,1647,28.7,6.2,684,11.66
503,11.2,1360,25.7,7.19,557,6.4
504,21.3,1934,22.1,6.02,594,14.19
505,18.7,801,28.5,6.21,554,10.88
506,8.3,664,25.7,8.02,635,1.19
507,23.2,1781,31.5,7.93,581,21.7
508,21.5,1159,22.3,8.29,535,16.34
509,24,1770,29.6,8.14,622,21.74
510,19.5,1840,34.2,7.71,528,17.27
511,17.3,594,24.3,6.13,558,9.94
512,13.4,1825,28.1,7.96,495,9.05
513,23.7,1172,23.2,8.11,529,18.18
514,22.3,1266,30.1,8,609,17.9
515,5.9,1440,29.2,7.27,502,0
516,5.5,1890,27.3,6.58,526,0.12
517,12.5,529,28.8,8.11,600,6.18
518,21.2,1215,33.7,7.82,573,17.32
519,24.7,1532,24.6,8.45,700,21.04
520,8,1584,22.3,6.39,692,3.16
521,16.9,1539,33.2,6.56,557,15.6
522,12.6,702,29.5,6.53,628,6.1
523,24.4,949,33.6,7.98,637,20.96
524,21.8,1038,29.8,6.47,570,14.39
525,21.8,1707,32.5,6.17,525,17.4
526,14.4,918,27.6,8.5,599,8.3
527,13.3,816,31.7,6.06,591,7.57
528,10.5,1936,33.9,8.09,578,2.84
529,6.1,513,29.4,6.91,622,0
530,22.3,1997,24.4,8.1,562,18.18
531,21.3,1515,25.5,7.39,542,19.51
532,25,1743,24.6,8.25,605,22.97
533,24.9,942,25.2,8.32,619,19.67
534,16.1,521,26,6.02,541,8.69
535,20.4,1607,29.2,6.19,646,15.58
536,23.9,1751,29.6,6.63,511,24.05
537,22,1611,27.5,7.67,571,20.22
538,9.9,714,30,8.22,587,3.95
539,14,1630,23.1,7.15,568,8.85
540,7.6,1653,23.1,7.52,572,1.08
541,24.1,1488,24.2,6.47,694,19.38
542,17.1,1649,28.7,8.01,557,12.01
543,9.6,1769,24.8,8.42,722,3.76
544,18.4,1420,25.7,6.67,622,14.87
545,17.4,633,27.2,7.24,605,12.06
546,12.2,1231,32.6,6.22,624,6.28
547,7.3,616,22.2,7.4,726,0
548,18.4,1111,30.4,7.26,550,16.81
549,15.4,1111,30.7,6.36,544,12.33
550,20.4,599,32.4,7.11,562,15.91
551,15.4,1023,34.1,6.84,602,9.33
552,22,666,22.3,7.3,514,14.47
553,16,1712,24,7.46,601,12.86
554,16.2,1922,33.5,6.02,685,11.45
555,22.5,608,28,7.9,608,15.77
556,13.1,1933,29.3,7.78,585,8.08
557,7.7,1284,30.6,6.92,569,0
558,5.6,949,30.8,6.13,645,0
559,20.1,615,34.1,7.89,559,14.3
560,17.4,1251,35,8.39,692,12.83
561,19.1,1692,31.4,6.6,697,18.13
562,9.3,1561,25.7,6.81,613,0.76
563,7.7,575,33.4,6.46,599,0.71
564,5.3,609,22.6,7.44,652,1.91
565,12,1104,25,6.39,655,5.78
566,16.8,943,33.7,6.89,560,12.24
567,12.8,849,25.3,7.74,574,6.02
568,13.7,922,24.9,7.4,534,6.45
569,23.1,1705,23.8,6.97,620,24.79
570,12,1894,33.2,7.05,633,8.25
571,15.3,1108,28.5,7.41,533,8.57
572,20.7,1859,30.8,6.01,577,17.33
573,12.9,982,25.1,6.2,533,6.89
574,17.4,1215,31.9,8.2,555,11.71
575,22.2,839,31.9,6.19,628,16.14
576,24,1461,26.1,7.77,563,17.82
577,7.9,1968,27.3,8.3,585,0.85
578,23.5,1405,24.7,6.68,519,21.85
579,14.8,1037,34.7,6.93,609,7.89
580,10.2,1472,30.4,7.42,598,4.12
581,14.2,684,34.1,8.2,564,9.19
582,24.6,1833,25.9,8.35,591,21.14
583,14.9,1255,32.2,7.85,609,11.89
584,11.6,1174,32,6.22,559,5.96
585,17.7,1379,31,7.67,526,13.27
586,9.8,1437,34.6,7.03,690,4.09
587,6.5,608,27.1,7.18,568,0
588,7.6,1524,23.7,6.12,595,0
589,7.6,863,30.7,6.48,651,0
590,8,1571,31.5,7.98,776,2.09
591,7.8,1734,29.5,7.13,538,0
592,17.8,1706,24.7,6.75,622,14.14
593,8.6,1329,28.6,6.96,565,0.63
594,11.9,1280,26.1,8.14,573,8.56
595,22.9,714,27.6,7.87,564,16.95
596,14.5,1663,30.4,6.68,544,11.91
597,18.4,907,31.7,6.29,598,10.89
598,8.4,1245,25,6.63,526,2.88
599,8.8,926,27.3,8.3,647,1.77
600,5.8,701,25.5,7.45,603,0.32
601,8.4,1444,24.6,7.33,621,0.45
602,10.6,581,32.2,7.49,577,4.74
603,8.5,1623,33.8,6.92,582,1.78
604,6.8,976,26.8,8.02,614,0
605,7.4,500,31.8,7.31,542,1.1
606,14.2,1267,33.7,6.29,582,6.37
607,9.1,570,33,6.32,557,3.05
608,12.3,914,24.4,7.34,555,7.64
609,15.1,1560,34.4,8.34,495,8.99
610,18.8,594,26.9,6.77,667,12.93
611,5.8,1759,26.4,8.17,566,0
612,21,506,22.8,7.91,658,13.33
613,17.6,870,28.3,6.62,653,13.39
614,6.6,1611,23.4,6.09,536,0.65
615,22.5,974,25.2,6.25,546,18.81
616,23.4,653,26.1,7.82,728,15.43
617,6.2,1040,32.5,6.5,688,0
618,10.5,906,33.4,6.93,598,6.07
619,21.1,1764,25.9,7.25,613,23.57
620,20,970,33.2,7.81,568,15.23
621,8.7,1683,33.1,6.28,622,0.55
622,9.2,1838,31.9,7.02,564,3.32
623,12.4,1151,23.9,7.21,498,5.38
624,14.7,1865,31,7.35,534,13.23
625,17.4,1066,34.3,8.05,601,10.03
626,12.4,1946,30.9,6.43,543,6.66
627,14.3,634,26.3,8.02,597,5.63
628,19.9,1531,28.5,7.73,546,15.74
629,5.7,1241,30.4,7.39,561,0
630,10,1081,28.6,7.75,643,3.63
631,19.3,1449,23.6,7.03,612,16.9
632,22.9,1556,26.1,6.35,600,17.23
633,15.2,507,32.4,7.66,644,9.31
634,15.6,750,33.2,7.31,624,11.33
635,7.1,1570,23.8,7.6,672,0
636,13.9,1500,34.4,6.84,577,14.09
637,15.7,1949,26.3,8.27,579,11.64
638,9.8,1642,30.6,7.47,535,4.12
639,10.4,1926,31.8,6.21,579,6.62
640,12.5,1554,32.6,7.12,648,11.26
641,5.4,947,34.3,7.89,665,0
642,11.4,658,26.1,7.99,648,4.9
643,9.2,1673,33.2,7.24,510,2.03
644,11.5,1466,23.7,8.24,654,4.92
645,7.4,572,31.2,6.67,508,0
646,22.8,1040,31.6,7.03,645,22.08
647,16.9,1935,30.8,8.25,582,13.51
648,18.6,1251,25.3,8.24,635,13.62
649,20.8,1149,33.3,7.71,533,16.51
650,15,1187,24.2,8.15,659,6.77
651,6.7,813,22.7,6.22,527,0
652,15.7,1053,31.3,8.16,567,9.04
653,16.7,1055,28.2,6.8,550,12.59
654,19.9,579,33,6.45,512,14.99
655,13.6,1651,27,6.6,605,8.05
656,7.6,1125,24.2,7.04,690,0
657,10.7,1733,32.9,6.63,733,7.26
658,12.3,1776,29.1,6.8,605,7.66
659,17.9,818,24.5,6.34,656,11.65
660,16.4,1486,31.4,6.74,612,13.89
661,12.1,1208,28.6,7.43,625,7.47
662,24.7,1820,29.9,7.1,583,27.41
663,17.1,824,28,6.87,610,13.88
664,9.7,1517,32.8,7.87,627,1.11
665,7,1412,32.8,8.23,571,0
666,8.1,943,31.2,7.89,596,1.61
667,9.9,705,23.4,6.83,597,4.26
668,8.2,1477,32.9,7.86,641,3.75
669,8.7,1608,30.7,6.38,547,1.57
670,10.7,973,31.1,6.33,597,6.32
671,8.5,1467,26.7,6.86,696,1.1
672,22.9,1093,33.4,8.02,658,20.47
673,6.6,1570,31.4,6.62,667,1.23
674,15.5,799,23.5,6.16,601,7.03
675,13.2,1835,27.3,6.33,616,8.23
676,24.6,931,33.5,8.15,650,19.76
677,7.2,1052,22.6,7.58,678,0.94
678,13,587,34.5,6.63,502,7.35
679,24.4,667,30.8,7.39,534,21.57
680,22.3,1274,30.2,7.32,665,23.84
681,21.3,901,25.5,7.64,586,14.66
682,10.2,1753,25.2,6.58,566,5.9
683,8.4,522,34.2,8.16,537,1.13
684,18.4,1069,25.9,6.77,572,17.4
685,23.6,1006,32.1,7.74,530,17.65
686,16.1,529,27.1,6.04,705,7.94
687,16.4,687,23.8,6.93,599,13.47
688,10.6,1120,22.1,6.88,597,3.91
689,20.4,1239,29.1,7.36,629,21.12
690,8.7,1106,34.7,6.18,648,3.39
691,11.5,1296,26.8,7.98,647,4.82
692,13.5,1393,26.6,6.54,654,6.42
693,15.2,515,26.5,7.69,568,7.8
694,9.8,1196,28.8,8.01,585,3.37
695,7.3,1945,27.7,7.4,638,1.75
696,17.2,1279,33.4,7.85,574,14.66
697,10.8,1516,28.6,7.65,600,3.49
698,16.6,968,28.6,6.89,620,13.9
699,8.1,1661,23.8,8.02,639,2.42
700,14.6,1659,34.8,6.74,511,13.77
701,15.7,1282,25.2,7.43,636,12.48
702,6,1964,23,7.86,588,0
703,11.7,688,30.6,6.95,635,5.78
704,7.7,525,29.7,6.76,639,0
705,6.3,1655,27.4,7.15,680,0
706,24.8,1711,27.5,8.04,668,23.31
707,11.4,680,32.2,8.32,667,5.14
708,21.2,898,24.5,7.36,672,19.45
709,10.1,526,32.7,7.65,615,3.68
710,18.6,940,30.4,8.26,602,10.76
711,20.2,1660,27.4,6.25,644,12.27
712,16.9,1277,28,6.58,637,14.03
713,14.4,1022,25.3,7.77,585,7.53
714,13.2,1058,31.8,8.06,620,5.61
715,12,502,28.7,8.14,598,2.32
716,23.6,950,26.2,7.04,557,20.18
717,21.6,1470,29.7,6.22,665,17.27
718,24.3,1961,34.9,7.09,603,30.12
719,7.5,1771,27.7,6.58,702,0.28
720,19.6,535,34,6.73,519,18.42
721,23.8,1848,26.5,7.93,572,19.3
722,8.6,1675,22.7,6.19,602,3.21
723,6.3,1671,24.7,8.07,657,0.07
724,19.8,1187,27.4,7.07,620,18.5
725,16.5,1097,24.9,7.49,616,11.71
726,21.8,954,22,6.22,544,16.53
727,7.8,599,33.9,6.84,542,0.44
728,20.9,842,33,6.22,616,14.25
729,9,870,31.6,8.4,532,2.2
730,8.3,1226,24.2,8.02,573,1.02
731,8.3,1621,23.6,7.15,625,2.56
732,21.3,1211,22.9,6.56,551,16.88
733,18.3,587,31.4,8.33,680,11.54
734,15.5,1937,34.1,6.86,661,14.66
735,12.2,1914,27.6,6.4,521,6.64
736,22.5,1678,23.5,7.41,553,24.28
737,12.8,1987,28.7,8.36,486,8.77
738,21.3,1317,26.5,6.01,561,16.21
739,13.8,1944,26.9,6.6,638,10.85
740,12.5,613,30.1,8.35,579,6.08
741,14.3,1049,31.3,6.43,623,8.78
742,11,838,23.4,6.28,524,1.28
743,20,794,22.5,7.43,640,15.03
744,15.1,711,34.9,8.15,572,6.54
745,9.6,1434,25,7.19,601,5.6
746,23,1672,22.7,8.49,595,18.46
747,12.7,1367,24.5,7.7,536,6.06
748,15.9,720,22.5,6.19,542,9.89
749,23.1,1717,27.1,8.48,648,20.37
750,17.5,1454,32.4,7.02,620,14.07
751,7.3,1082,26.4,6.72,653,0
752,23.8,1511,27.8,7.39,616,23.88
753,17.6,890,30.8,6.76,607,11.39
754,11.7,1018,28.6,6.22,514,4.09
755,7.8,1876,33.2,6,586,0
756,20.9,936,33.3,7.12,599,18.87
757,17.4,1205,22.1,8.09,698,8.78
758,15.7,1835,32.1,7.43,634,15.63
759,22.9,1562,28,8.5,677,18.92
760,20.8,593,34.9,6.72,630,17.9
761,8,721,28.3,6.7,564,1.89
762,11.2,512,34.8,6.4,606,3.23
763,10,1446,31.8,6.41,612,4.31
764,19.9,1172,25.2,6.71,553,16.55
765,5.7,701,29,7.98,581,0
766,16.4,1937,34.9,8.26,590,13.74
767,20.2,1294,33.1,8.44,680,18.17
768,22.5,863,23.3,6.58,496,20.09
769,11.8,1251,31.2,8.2,660,7.05
770,21.4,1519,26.5,6.82,553,19.92
771,7.2,614,22.1,6.28,531,0
772,21.9,912,27.2,8.18,659,17.96
773,7.5,1710,25.1,7.59,637,3.08
774,12.9,1189,32.6,6.41,663,9.29
775,20.9,1320,26.4,7.07,640,18.77
776,8,1149,32.8,6.72,703,0
777,9.6,566,22,7.84,628,0.8
778,19.4,749,26,7.13,592,12.76
779,19.4,1168,25.1,8.47,617,13.29
780,17.8,814,25,6.14,662,13.33
781,18.9,575,22.9,6.89,561,13.4
782,15.9,1765,24.4,7.2,567,13.45
783,10,1972,29.2,7.26,585,6.91
784,11.9,1690,25.8,6.79,495,6.61
785,8.6,1781,27.4,7.82,607,5.08
786,23.2,863,26.9,8.19,506,19.79
787,16.7,1941,33.4,8.35,603,12.88
788,13,795,33.8,8.01,643,5.73
789,14.2,1927,28.4,8.13,576,10.35
790,23.9,1992,26.3,7.38,684,25.83
791,8.1,1568,23.4,8.06,527,0
792,16.7,1972,34.4,6.76,660,18.23
793,15.1,1354,22.8,7,634,12.7
794,17.2,889,25.9,6.79,514,13.16
795,5.4,1155,25.9,7.17,736,0
796,22.4,1390,26.2,6.71,597,19.73
797,23.6,610,24.1,8.4,556,16.09
798,16.3,1434,32.2,6.78,530,13.15
799,18.9,1972,23.6,6.25,589,14.2
800,23.4,785,30.3,7.32,594,22.78
801,19.1,1689,23.6,6.14,605,15.37
802,8.1,1862,22.9,6.28,585,3.33
803,16.5,1916,33.8,6.55,632,14.26
804,17.1,1940,24.5,7.16,581,14.82
805,13.5,1282,32.7,7.08,503,10.6
806,19.7,1966,29.1,8,593,17.25
807,23.7,1636,23,7.85,482,21.6
808,23.5,743,34.4,7.07,618,22.63
809,14,1215,25.2,6.83,551,12.16
810,7.3,1577,33.2,6.79,608,0.81
811,24.7,871,24.2,7.93,666,19.5
812,21.8,1461,33.1,6.13,553,17.84
813,7.5,1500,22.2,6.03,653,0.02
814,23.4,744,28.7,7.99,578,18.3
815,22.4,1348,32,7.19,688,25.03
816,15.4,1657,34.2,6.33,582,11.96
817,16.8,1248,33.8,6.59,558,14.28
818,13,518,32.7,8.33,634,8.17
819,6.1,514,33.5,8.15,578,0
820,11.7,1036,24.6,7.77,558,2.81
821,21.1,1889,25.7,7.21,576,22.37
822,5.1,843,25.8,7.3,598,0.02
823,11.7,1452,26.9,8.44,667,6.35
824,13,833,27.1,8.41,503,6.27
825,15.7,983,29.1,6.54,601,12.49
826,23.4,1772,24.1,8.03,631,18.42
827,11.9,1593,31,6.49,610,6.99
828,11.9,643,24.2,6.53,665,7.31
829,19.8,1143,26,7.69,596,15.72
830,14,544,28.5,7.01,591,11.52
831,9.5,1221,32.4,8.33,630,3.3
832,14,1494,31.6,6.22,605,9.08
833,7.8,678,30.4,7.28,580,0
834,8.5,933,24,8.3,626,0.77
835,15,1097,29.1,8.26,567,8.58
836,13.4,1879,23.1,6.39,569,9.28
837,23.3,1990,26.9,6.92,574,24.57
838,12.2,567,27.4,7.55,668,6.34
839,16.6,1642,22.5,6.4,439,11.07
840,17.6,1058,25.6,8.42,620,11.08
841,5.3,1089,34.4,8.29,602,0.37
842,18.3,1631,34.4,6.42,516,14
843,8.6,1878,26.6,6.3,615,1.31
844,24.2,1926,22.6,6.21,624,18.29
845,8,1366,24.3,8.27,629,0
846,13.3,1036,27.1,6.48,467,6.06
847,6.7,1681,34.3,7.04,668,0
848,24.9,877,23.8,7.12,563,22.76
849,15,1346,31.9,7.5,634,12.79
850,16.9,1038,23.4,6.18,637,10.64
851,6.3,1485,34.8,6.57,556,1.49
852,20,861,27,8.33,633,14.37
853,9.2,787,32.1,8.27,581,1.92
854,23,1877,26.5,7.95,496,19.26
855,9.1,653,30.2,6.05,658,2.63
856,8.8,1259,24.5,6.82,561,3.29
857,5.7,831,23.9,7.57,557,2.1
858,14.4,558,34.2,6.69,580,11.3
859,16.3,554,33.9,8.27,614,8.88
860,6.3,763,33.5,7.58,597,0
861,20.5,1800,30.1,6.18,627,18.29
862,14.1,924,32.5,8.27,533,9.46
863,15.5,1926,22.9,8.39,563,11.72
864,13.8,1372,26.4,6.19,594,7.68
865,13,1155,26.1,7.33,695,6.15
866,16.2,1370,30.3,6.76,594,11.83
867,8.1,1275,26.6,6.98,654,1.93
868,8.6,1638,23.9,6.45,602,2.43
869,22.2,924,29.8,7.45,576,18.5
870,23.9,1030,32.6,8.39,588,19.29
871,12.5,1841,27,7.26,592,9.29
872,10.4,1920,23.7,6.21,630,2.45
873,17.9,1839,24.6,7.55,669,14.91
874,13.2,1129,25.1,6.85,618,7.55
875,5.5,1671,25.9,8.14,659,1.89
876,8.1,1215,30.4,7.09,552,0.78
877,19.3,1246,29.8,6.48,579,12.67
878,18.2,807,31,6.48,564,11.27
879,5.5,1387,26.7,7.92,616,0
880,9.4,779,32.7,6.66,582,2.64
881,9.6,997,24.7,7.92,636,2.41
882,18.4,1783,28.1,6.51,553,17.98
883,5.4,811,32.4,6.8,602,0
884,7.1,607,24.3,7.16,634,0
885,21,604,23.4,8.36,497,10.72
886,8.6,1911,33.5,8.33,706,2.7
887,18.1,1260,26.5,6.52,586,14.98
888,9.8,1114,30.9,6.9,499,6.25
889,7,1716,22.3,6.37,608,0
890,9.9,1754,31,7.27,602,1.77
891,19.4,998,26.1,7.15,596,17.04
892,22.1,1540,22.7,8.25,650,17.65
893,21.6,1657,29.9,8.33,637,16.68
894,12.9,1482,25.1,6.96,615,6.06
895,18.4,727,27,7.23,623,16.35
896,9.1,1814,23,8.24,595,4.63
897,10.9,1309,23.9,8.02,689,0.52
898,22.9,924,25.9,6.01,526,15.89
899,5.3,1138,23.2,6.8,607,2.5
900,6.7,556,33.8,7.05,603,0
901,9.2,692,22.1,6.57,641,1.78
902,5.5,1648,28.3,6.5,558,0
903,8.6,500,23.6,6.09,513,0
904,16.7,1125,26,7.61,608,7.92
905,13.4,1284,34,6.66,614,11.09
906,22.9,582,24.1,6.13,674,12.31
907,21.3,1960,34.6,6.58,536,24.43
908,11.8,839,24.7,8,658,6.22
909,10.2,956,31.6,8.13,718,1.36
910,12.6,956,29.1,7.21,581,6.01
911,16.8,846,33.5,7.04,535,15.05
912,10.4,502,29.2,8.44,580,4.11
913,17.5,1594,28.9,6.5,601,14.7
914,13.2,1950,24.5,6.54,628,11.19
915,16,836,24.2,6.73,570,12.91
916,13.7,1495,33.9,6.43,678,8.85
917,10.9,1613,26.3,6.95,544,4.31
918,24,1773,26.8,8.28,513,20.29
919,20.3,1134,31.9,7.54,655,15.72
920,7.8,954,26.4,7.03,486,0
921,22.4,988,34.4,8.34,590,19.02
922,14.7,1569,31.6,6.12,756,7.36
923,22.9,1725,29.8,6.53,599,22.2
924,21,772,33.5,7.41,544,18.87
925,13.5,1056,22.6,7.54,597,5.99
926,5.4,1853,25.3,6.1,597,0
927,10.4,1710,28,7.01,608,2.44
928,15.8,1977,25,7.62,633,11.09
929,17.7,1631,31.7,7.75,548,13.38
930,10.2,1090,33.9,7.6,684,4.66
931,7.8,1386,27.5,6.8,612,0.1
932,21.7,1492,26.4,6.23,636,16.97
933,24.7,618,34.5,7.07,569,24.73
934,15.5,1317,27.8,6.32,664,7.79
935,8.4,1564,28.4,8.37,587,2.53
936,10.4,751,26.6,7.19,614,1.75
937,5.4,1671,33.8,6.79,553,0
938,23.3,1376,29.4,7.92,550,17.36
939,7.4,1928,31.9,7.24,634,1.17
940,16.5,564,32.6,6.78,578,11.91
941,10.5,898,26.4,8.03,557,3.61
942,16.1,1402,27.6,8.17,568,8.9
943,18,945,33,7.68,635,11.92
944,21.6,1572,26.7,6.12,569,16.19
945,9.1,1639,32.3,7.42,594,3.88
946,5.2,654,34.2,7.91,601,0
947,7.7,1271,30.1,6.34,504,1.99
948,23,1263,31.6,6.57,526,20.53
949,22.5,1054,32.5,8.21,617,16.44
950,16.9,1899,33,6.05,563,15.82
951,17,1741,27.1,7.88,653,11.65
952,18.3,1546,22.7,7.18,648,13.69
953,8.5,1571,27.2,7.12,636,2.53
954,23.3,1193,30.8,6.02,691,18.06
955,13.4,1881,27.9,8.05,596,6.83
956,12.7,1542,31.7,6.9,632,6.95
957,15.4,1593,26.6,7.35,571,16.36
958,5.9,1793,30.3,7.69,723,0
959,8.3,911,24.4,7.76,699,0
960,19.8,1711,31.7,8.39,601,18.57
961,6.7,793,29.1,7.33,619,0.92
962,17.1,1018,24.7,7,668,11.74
963,9.9,1003,25.8,8.38,593,1.67
964,12.8,1968,31.7,7.61,567,8.75
965,10.8,1785,28.3,6.75,644,5.41
966,12.1,1552,24.8,6.32,604,3.05
967,19.4,1591,34.6,8.11,609,18.61
968,10.9,1343,31.3,6.91,558,5.09
969,16.3,1921,34.4,7.65,514,14.94
970,14.5,1244,27.6,7.18,612,12.28
971,18.3,1071,28.2,6.5,645,10.87
972,23.7,745,33.7,7.5,589,19.67
973,19.7,1679,28.8,6.15,672,14.67
974,9.3,1602,31.2,7.03,565,0.71
975,5.6,1077,25.3,7.37,547,0
976,10.2,538,27.8,7.09,597,4.48
977,16.9,1758,23.6,7.87,596,11.08
978,6,517,24.7,8.07,638,0
979,14.9,1556,22,7.93,561,10.66
980,16.9,1955,22.5,6.1,668,12.24
981,11.7,1156,34.7,6.49,698,4.3
982,20.4,852,25.2,7.34,598,17.75
983,7.1,1557,30.6,8.34,662,0.3
984,6.5,1726,32.9,8.09,547,0
985,19.6,1320,29.2,8.11,654,15.25
986,14.9,1951,24,6.76,652,12.52
987,18.8,578,31.5,7.07,643,14.74
988,13.7,1257,29.8,7.18,599,10.8
989,9.9,1578,31.5,6.39,452,2.64
990,21.4,1794,32,6.08,568,19.22
991,21,769,34.7,8.37,569,13.02
992,18.9,1700,29.5,6.6,551,18.77
993,10.4,1329,26.4,6.6,606,7.7
994,16.8,1095,30.4,6.21,579,9.56
995,12.2,698,22.9,8.32,559,3.89
996,6.8,1798,33.7,7.45,547,0
997,23.3,736,23.6,7.67,564,16.17
998,7.7,965,26.3,8.28,656,0
999,24,935,32.6,6.86,567,23.81
1000,13.9,1807,29.8,7.55,574,10.1
1001,8.7,1509,27.1,6.1,577,2.81
1002,15.8,1695,28.2,6.47,617,8.24
1003,22.5,876,33.1,8.08,623,18.61
1004,19.6,1437,26.4,7.92,448,16.02
1005,21.1,1358,33.3,6.88,651,22.29
1006,18.2,1749,23.1,6.94,672,16.7
1007,18.8,1859,32.1,7.33,547,19.4
1008,22,518,33,6,551,16.91
1009,10,1511,24.4,6.6,577,7.08
1010,14.8,578,27.6,6.52,562,7.94
1011,9.4,1323,24.2,6.63,611,4.89
1012,24.8,931,31.2,8.01,503,19.38
1013,23.9,960,29,6.7,544,22.12
1014,5.8,1029,30.3,6.48,677,0
1015,19.1,1432,24.6,7.26,554,16.34
1016,23.5,1001,24.8,8.16,662,15.75
1017,8.6,1599,22.5,6.6,618,1.56
1018,16.4,1107,26.2,6.2,510,8.49
1019,23.3,603,29.3,6.89,632,19.4
1020,5.7,1676,33.2,7.87,594,0
1021,18.9,929,30.7,7.38,577,16.11
1022,10.9,1149,27.7,8.04,612,1.95
1023,23.5,1528,34.4,8.4,624,18.78
1024,24.4,999,31.4,7.98,635,19.98
1025,23.9,585,34.1,7.51,659,16.54
1026,14.5,1061,28.9,7.23,620,11.7
1027,22.2,1917,25.4,6.1,531,19.3
1028,21.9,1463,22.7,8.46,576,17.55
1029,11.4,1507,31.4,6.96,747,8.71
1030,21.6,1448,23.6,6.38,636,15.93
1031,5.7,798,25.9,7.67,718,0
1032,16.9,1128,28.9,6.71,670,14.87
1033,9.6,1626,29.3,7.46,612,4.68
1034,7.4,652,29.8,7.47,615,0
1035,6.5,917,24.2,7.11,598,2.09
1036,18.9,914,26.9,8.09,513,12.21
1037,11.8,1148,30,6.66,601,6.7
1038,19.5,1971,34.6,7.12,661,21.03
1039,6.3,601,31.5,7.34,570,0
1040,11.3,1278,34,7.66,621,5.32
1041,15.8,769,31.9,7.96,643,11.5
1042,20.8,1956,29.7,6.99,555,22.76
1043,11.4,670,24.5,7.62,577,4.31
1044,17.5,1105,30.7,6.38,549,11.67
1045,22.7,1607,30.1,8.33,559,19.93
1046,17.3,1557,29.8,6.96,536,16.54
1047,9.7,1134,28.4,7.82,555,3.87
1048,5.5,1020,28.9,6.05,671,0
1049,22.4,1096,26.3,6.51,554,20.87
1050,5.4,896,28.8,7.22,606,0.72
1051,22.5,808,24.6,8.2,575,14.03
1052,15.6,1225,32.5,7.32,659,12.61
1053,23.8,903,24.4,8.32,666,13.89
1054,21,931,23.1,7.21,643,18.03
1055,25,1485,27.7,7.23,615,26.91
1056,12,1953,30.6,6.3,588,7.73
1057,20.3,1405,27.7,8.01,540,14.94
1058,13,615,25.6,6.62,697,7.64
1059,14.6,613,29.3,8.25,562,9.8
1060,17.6,1927,26.5,8.28,633,15.43
1061,22.5,946,34.1,8.36,653,17.5
1062,24.7,638,34,7.3,572,23.16
1063,20.4,1399,28.5,7.69,652,17.33
1064,13.4,1435,26.3,7.95,638,5.08
1065,13.4,1473,31.6,6.33,686,7.39
1066,19.8,901,22.5,7.5,577,14.76
1067,9.8,523,28.2,6.09,536,4.18
1068,7.2,1948,26.4,7.24,575,0.55
1069,12.1,876,34,6.39,610,3.43
1070,10.7,1514,22.2,6.46,603,4.12
1071,10.9,1560,29.2,6.91,580,4.95
1072,9.7,1415,31.6,7.08,505,4.46
1073,5.8,969,28.3,7.56,624,0
1074,5.4,907,23.1,6.19,699,0
1075,24.8,1397,34.6,7.26,623,23.88
1076,13.6,1799,28.7,6.46,630,10.1
1077,12.7,1920,30,7.43,629,8.46
1078,18.6,659,25.1,7.59,620,11.56
1079,9.4,732,28.3,7.39,647,2.96
1080,24,1917,27.6,7.85,620,20.03
1081,20.7,1605,23,6.84,584,17.4
1082,6.8,1824,23.4,7.91,560,0
1083,13.4,804,32.9,7.08,588,7.36
1084,22.6,1381,25.1,7.21,616,22.05
1085,23.9,1552,24.5,7.62,584,18.36
1086,14.3,1520,28.6,6.05,616,11.43
1087,17.3,1112,32,7.63,622,13.33
1088,8.3,523,22.8,7.55,642,2.45
1089,24.8,1374,29.5,6.77,664,25.49
1090,9.6,880,23.5,6.21,604,4.92
1091,23.9,1175,22.5,6.23,535,17.47
1092,18,1936,22.7,8.31,583,13.3
1093,17.2,1099,32.8,7.72,602,11.98
1094,15.3,1760,23.5,6.32,508,10.86
1095,9.6,783,22.6,6.89,669,4.08
1096,8.5,1509,27.7,7.48,607,1.51
1097,9.4,1966,33,8.09,619,2.46
1098,8.7,653,25.4,6.11,668,2.65
1099,20.6,512,27.5,6.59,568,17.18
1100,12,1150,22.5,8.22,629,4.67
1101,6.2,639,27.8,6.02,595,0
1102,24.4,1623,29.5,6.5,591,25.88
1103,22.7,1872,29.4,8.4,561,21.1
1104,23.6,1151,26.3,7.53,683,20.82
1105,24.9,888,26.1,6.65,581,20.86
1106,8.5,1152,23.4,6.17,635,0.93
1107,12.9,1585,26.8,6.07,506,6.48
1108,20.2,514,23.3,6.61,659,16.98
1109,18.9,1384,32,8.2,653,14.36
1110,8.1,1420,34.6,7.04,605,0.28
1111,21.3,1457,34.6,7.8,589,18.83
1112,9.5,863,33.2,8.3,620,2.14
1113,9.5,1571,29.8,7.02,714,1.87
1114,15.7,637,31.1,6.48,512,7.69
1115,16.9,799,25.7,7.29,639,14.8
1116,16.6,1816,30.2,8.27,554,12.9
1117,6.8,1608,27.9,8.01,599,0.16
1118,22.5,521,28.3,6.16,588,14.85
1119,10.3,873,31.9,7.73,579,4.06
1120,7.6,822,25.7,7.43,599,0.42
1121,22.8,906,26.1,8.27,543,16.84
1122,24.1,871,34,6.31,651,19.26
1123,22.2,594,22.7,7.34,510,18.81
1124,21.2,1188,28.3,8.2,627,15.99
1125,18.1,1599,33.9,7.03,584,15.91
1126,16,1410,29.9,7.2,541,12.21
1127,6.7,1509,29.1,6.18,610,0
1128,13.2,622,25.2,6.7,522,10.36
1129,12.5,1927,26.5,6.81,602,9.7
1130,10.2,1758,33.1,8.36,529,2.93
1131,19.5,1708,29.3,6.71,623,18.6
1132,14.9,1734,28.7,7.15,554,11.11
1133,6.6,1899,23.3,7.68,577,2.31
1134,9.4,1316,22.2,6.41,615,0.47
1135,18.7,800,34.5,7.22,561,15.92
1136,6.5,1425,26.9,7.85,597,0
1137,22,1614,29.8,8.17,524,19.8
1138,14.9,1607,23,7.57,632,8.94
1139,14.6,1282,30.9,7.67,688,6.3
1140,16.8,603,34.1,6.32,740,10.01
1141,21.5,1057,29.5,8.36,605,14.61
1142,12,1881,23.6,6.33,639,6.14
1143,18.6,1377,29.6,7.94,511,15.79
1144,16.3,1307,32,6.66,675,10.96
1145,10.3,903,27.3,8.33,639,2.31
1146,22.6,1053,33.4,7.8,576,17.09
1147,20.9,1843,30.4,7.88,662,17.46
1148,18.2,1500,33.7,6.55,587,18.25
1149,22,1681,30.1,7.11,577,22.73
1150,22.3,1182,23.7,7.54,624,17.06
1151,19.2,1445,26,7.92,547,13.09
1152,21.7,873,24.6,6.26,651,15.33
1153,18.9,1558,33.8,8.41,547,16.35
1154,18.6,1141,31.9,8.23,547,12.29
1155,17.4,1164,30.8,6.68,555,15.71
1156,20.1,1474,25.9,8.06,638,15.19
1157,8.2,1904,24.4,7.3,569,3.33
1158,22.6,596,31.8,7.15,533,19.37
1159,22.4,1737,28.2,6.79,570,23.99
1160,5.6,939,24.9,7.45,598,0
1161,21.5,1166,30,7.82,541,16.38
1162,7.6,533,22.5,7.03,542,0.39
1163,11.7,952,26.2,7.57,706,5.75
1164,19.9,1254,28.1,7.75,557,12.74
1165,8.2,584,23.9,7.78,584,3.3
1166,21.4,1237,34.8,6.13,582,14.56
1167,21.6,1891,24.7,8.15,579,16.99
1168,15.1,658,23.7,7.15,631,9.45
1169,5.1,1647,24.6,6.66,647,0.62
1170,10.7,1115,32,6.6,585,7.62
1171,17.3,1483,27.5,7.21,538,12.11
1172,24.6,890,29.4,8.22,664,18.11
1173,17.6,739,22.3,6.95,595,9.36
1174,10.2,741,22.4,7.87,687,3.14
1175,17.7,606,27.8,6.24,488,11.01
1176,15.8,778,32.6,7.19,610,14
1177,20.6,1496,33.5,8.48,696,17.21
1178,7.1,1823,23.1,7.93,582,1.57
1179,20.2,1721,29,6.53,589,21.04
1180,15.8,1528,33.9,7.25,615,12.98
1181,24.3,666,27,6.58,572,18.94
1182,11.8,934,32.8,7.02,584,7.01
1183,17.7,965,23.7,7.95,583,8.7
1184,23.6,875,34.2,7.93,569,20.54
1185,7.1,1273,31.8,6.57,661,0
1186,23.7,1303,34.2,8.31,623,22.17
1187,18.8,1035,30.8,7.48,613,15.35
1188,6.4,1031,26.7,6.95,640,0.4
1189,11,1743,34.2,7.25,587,6.79
1190,19.2,1684,25.6,7.51,561,14.5
1191,6.3,962,26.3,7.4,570,0
1192,16.6,1871,31.1,7.22,600,16
1193,11.9,1929,31.9,7.26,547,6.61
1194,17.4,990,34.1,6.44,575,10.1
1195,5.9,1032,24.7,8.03,574,1.86
1196,22.4,1258,32.4,7.35,706,23.45
1197,24.5,1912,31.6,6.33,461,23.21
1198,24.4,1814,22.8,7.92,591,23.19
1199,20,654,27,8.33,686,12.53
1200,7.6,1089,25.7,8.37,606,1.98
1201,20.2,1330,26,6.92,638,18.41
1202,5.5,1255,34.8,6.34,605,0
1203,5.4,791,30.4,7.3,567,2.77
1204,11.5,1788,31.3,6.28,488,7.26
1205,14.8,1515,34.7,8.33,610,9.7
1206,20.4,1757,26.9,6.46,561,17.58
1207,18.7,1788,32.4,6.63,560,18.01
1208,13.9,1623,27.6,7.02,575,11.48
1209,10.5,1159,33.3,6.96,687,1.39
1210,24.9,1416,24.3,7.99,720,18.69
1211,13.5,741,34.3,7.14,611,10.15
1212,14,1510,24.8,6.43,577,7.73
1213,8.3,769,26.2,6.67,541,1.89
1214,20.9,1541,31.8,7.27,623,19.09
1215,18.9,844,27.1,6.37,689,15.09
1216,9.4,676,29.9,7.53,588,4.27
1217,6.6,748,27.8,7.41,481,0
1218,18.6,503,31.7,7.79,634,11.1
1219,18.1,1578,25,8.34,649,14.5
1220,10.5,1599,22.8,8.28,521,6.94
1221,24,1272,25.9,8.37,609,20.4
1222,8,742,28.2,6.61,623,4.54
1223,13.6,625,24.2,6.33,596,5
1224,23.9,529,26.6,6.76,560,18.66
1225,13.4,749,27.2,8.24,651,4.72
1226,17.8,1836,22.7,8.43,580,13.53
1227,13,862,29.6,8.15,526,6.61
1228,10.5,1031,33.5,6.28,498,3.77
1229,24.7,658,24,8.37,663,18.29
1230,13.2,834,29.8,7.06,631,9.88
1231,22.9,1279,30.6,6.02,604,16.3
1232,9.6,1412,27.5,7.11,578,2.8
1233,9.3,868,31.1,6.12,574,3.68
1234,5.6,587,27.3,7.36,546,0
1235,18,1087,28.6,6.85,578,13.7
1236,12.4,851,22.1,7.18,494,8
1237,22.3,829,31,7.53,563,14.49
1238,14.5,1940,30.6,8.17,584,9.37
1239,24.4,1424,22.5,7.65,630,19.72
1240,8.7,1335,26.8,7.09,598,1.52
1241,22.4,1124,34.7,8.05,640,19.33
1242,20.5,1143,27.5,8.26,667,14.1
1243,20.4,1311,28.5,6.3,653,17.59
1244,21.9,1545,33.8,7.33,624,22.89
1245,20.2,1553,31.3,6.71,601,21.03
1246,17.5,758,29.6,6.12,551,12.1
1247,7.6,1250,32.4,7.67,637,0
1248,5.7,1118,33.2,8.16,684,0
1249,23.4,1806,27.9,6.41,617,21.12
1250,17.3,1447,28.2,8.03,696,12.29
1251,20.9,1299,27,8.13,524,16.62
1252,14.6,673,34.6,8.29,542,7.87
1253,7.3,1408,31.1,6.66,643,0
1254,7.5,676,23.1,8.26,613,3.01
1255,18.7,1006,33.2,6.8,666,14.08
1256,13.6,714,28.2,7.38,599,9.34
1257,9,1538,22.9,6.13,557,1.42
1258,14.8,809,29.1,6.11,589,7.73
1259,6.3,1088,27.4,7.8,523,0
1260,16.6,1844,33.4,7.11,544,14.47
1261,10.4,806,24.7,6.64,649,5
1262,21,1262,32.7,6.48,644,18.69
1263,11.2,1129,29.2,7.67,618,5.42
1264,14.1,527,22.7,6,514,6.73
1265,5.2,1689,34.6,8.01,582,0
1266,6.4,604,28.7,6.2,539,0.78
1267,12.8,1211,25.8,6.48,659,9.67
1268,14.6,1341,28.1,6.97,571,10.15
1269,17,1443,33.2,7.21,546,14.55
1270,10.8,1533,26,6.89,601,4.64
1271,18.9,880,24.5,6.8,568,14.06
1272,22.2,515,23.7,8.41,674,10.07
1273,20.6,1585,25.9,7.6,563,16.66
1274,5.8,1303,32.1,6.06,530,0
1275,14.6,1754,28.1,7.08,492,9.16
1276,7.1,1732,25,8.19,598,1.13
1277,9.8,1765,24.2,6.75,572,2.53
1278,24.7,1228,26.3,6.24,529,19.18
1279,7.8,1000,34.2,7.9,659,2.2
1280,15,1687,26.5,7.52,633,7.54
1281,17.4,1177,34.8,7.43,599,12.83
1282,19,775,28.3,6.13,668,12.87
1283,16.2,1782,24.3,6.35,633,12.78
1284,5.2,1824,33.6,7.56,559,0
1285,11.5,1199,28,6.52,548,6.83
1286,15.4,614,31.2,7.26,641,11.37
1287,6.8,1082,34.8,7.36,620,0
1288,12,1705,22.7,6.71,608,8.34
1289,5.7,1853,23.3,8.37,558,1.31
1290,6.6,805,31.4,8.11,630,0
1291,12.9,600,25.7,7.81,562,7.64
1292,7.7,1816,24.4,6.19,595,1.7
1293,16.4,1084,22.5,6.27,672,9.86
1294,18.8,1313,22.3,7.23,567,14.91
1295,21,1952,32.1,6.4,521,17.29
1296,9,600,23.7,8.45,547,1.85
1297,8.3,1472,28.1,6.4,650,2.45
1298,7.1,611,29.9,7.22,613,0
1299,17.7,1063,27.6,6.91,594,10.98
1300,19.1,1706,22.4,7.6,575,16.01
1301,5.6,1150,32.2,6.32,624,0.29
1302,23.7,1996,22.1,7.08,558,24.35
1303,6,1339,31.9,6.69,615,1.29
1304,15.8,982,33.6,8.22,563,12.32
1305,19.2,830,27.6,6.1,555,8.46
1306,22.4,1026,29,8.28,568,17.55
1307,19.3,1059,28.2,8.08,581,11.31
1308,21,603,27.1,6.74,598,17.64
1309,11.8,1054,33.5,7.97,612,5.71
1310,21.3,1196,33.6,6.08,416,17.9
1311,6.6,1584,26.4,8.42,560,0
1312,22.9,1485,30,7.32,580,20.67
1313,16,1563,34,6.76,675,13.27
1314,21.3,513,34.5,6.91,546,18.81
1315,14,827,28.6,6.17,608,8.91
1316,17.9,1493,27.9,8.47,675,11.13
1317,15.5,1226,25.6,6.1,534,10.94
1318,19.6,508,34.5,7.64,620,12.12
1319,6.6,1707,23.9,7.11,560,0.54
1320,6.2,1659,29.5,8.37,575,0
1321,9.9,1323,25.7,6.61,560,4.31
1322,8.2,600,25.6,7.33,563,2.75
1323,22.4,1650,27.3,7.21,736,21.01
1324,9.4,1376,35,7.76,642,1.94
1325,24.5,1673,22.7,6.17,655,20.61
1326,11.7,1628,29.5,6.48,625,9.45
1327,8.6,1705,23.1,6.54,520,1.06
1328,20.8,1277,24,7.85,620,18.16
1329,18.2,710,27.7,6.47,654,14.34
1330,15,1507,28.6,7.43,557,11.51
1331,16.1,1431,25.4,6.54,648,12.27
1332,19.4,1613,26.1,8.15,635,13.69
1333,9.6,755,23.1,8.36,693,2.41
1334,24.9,792,25.9,7.3,579,20.1
1335,24.5,1836,34.6,6.88,545,28.61
1336,18,1625,34.3,6.59,582,19.62
1337,9,1862,26.4,6.12,672,1.56
1338,18.6,1638,29.4,6.67,509,17.16
1339,6.4,1396,33.8,7.64,497,0
1340,5.6,1481,22.1,7.33,604,0.56
1341,10.2,1834,32.5,8.36,578,4.55
1342,14.3,1368,34.3,6.99,600,11.02
1343,22.4,1449,23.2,7.73,647,16.89
1344,19.5,735,24.1,7.22,572,14.63
1345,19.9,1211,34.5,7.28,506,19.58
1346,13.5,1575,29,6.67,702,9.63
1347,11.9,906,22.2,7.14,550,6.47
1348,12.4,803,25.3,7.18,547,7.01
1349,24.8,971,27.8,7.77,655,20.72
1350,5.8,862,31,8.35,581,1.02
1351,22.3,822,31.5,6.82,597,20.51
1352,16.6,1137,34.9,6.11,624,13.64
1353,13.8,1862,25.7,7.24,654,10.87
1354,19.5,1261,29,7.36,583,19.5
1355,14.7,782,28.9,6.42,676,8.97
1356,22.5,615,27.3,7.9,493,12.55
1357,23,1544,24.2,8.46,638,20.41
1358,13.4,1074,34.7,8.36,558,7.73
1359,10.5,1733,33.1,6.49,669,4.52
1360,16.8,1489,28.5,8.19,607,12.15
1361,23.2,1694,29.8,7.76,566,19.83
1362,9.2,908,25,7.13,633,3.12
1363,17.5,1539,29.1,7.35,645,14.57
1364,17.6,896,31,8.12,632,13.5
1365,19.7,1909,28.7,7.2,549,19.72
1366,7.6,1455,34.9,6.93,576,0
1367,19.3,987,29.9,7.23,600,15.14
1368,23.2,904,26.8,7.45,598,21.11
1369,8.6,786,32,6.47,637,1.99
1370,9.8,1542,24.2,8.25,499,3.75
1371,24.4,828,27,7.69,617,16.45
1372,8.6,1393,26.5,7.58,586,0
1373,22.1,897,27.6,6.25,558,16.84
1374,14.8,1493,32.2,7.51,563,11.92
1375,9.9,1722,28.3,6.3,589,2.11
1376,22.4,1667,32.3,6.2,420,22.07
1377,13.9,1641,29.5,7.32,565,10.86
1378,15.3,782,26.4,7.01,556,10.3
1379,12.2,633,32.5,7.47,627,6.03
1380,16.9,1548,25.1,6.22,560,9.4
1381,8.3,1053,24.9,7.08,589,3.12
1382,12.8,1149,28.6,6.44,677,5.35
1383,24.4,547,25.4,8.47,650,15.46
1384,10.2,889,22.1,7.4,645,5.33
1385,18.1,551,30.4,7.72,575,8.39
1386,11.5,1819,28.6,6.81,627,4.68
1387,20.5,865,27.8,6.24,588,14.1
1388,7.6,1336,34.6,8.44,590,0.44
1389,24.4,558,29.4,6.72,620,21.96
1390,14.1,1500,33.2,7.06,570,10.36
1391,9.7,985,23.8,7.62,675,6.6
1392,6.5,1847,29.4,6.06,592,0
1393,8.4,1832,33.3,8.03,631,1.5
1394,15.4,988,29.6,7.34,673,10.03
1395,11.7,1851,31.3,6.7,652,7.75
1396,21.6,1994,26.8,6.15,530,19.58
1397,13.6,1738,23.2,6.41,622,9.61
1398,10,1767,28,8.24,643,1.47
1399,17.3,874,27.1,7.72,645,10.42
1400,19.1,1365,33.3,6.62,544,18.76
1401,8.3,601,25.2,6.16,567,2.18
1402,8.4,642,34.6,7.73,650,1.45
1403,5.7,1998,34.5,7.43,562,0.81
1404,19.7,990,25.2,7.01,585,15.09
1405,18.3,1622,26.5,6.91,679,18.83
1406,14.5,1710,33.6,6.54,598,13.42
1407,21.9,1787,34.6,7.67,564,17.81
1408,21.1,1996,27.8,8.43,556,16.62
1409,16.7,862,26.2,6.44,617,8.44
1410,22.4,561,28.8,7.49,533,19.67
1411,9.1,1117,30.9,7.06,588,1.02
1412,7.2,695,25.6,7.12,617,0
1413,10.4,534,31.6,6.64,665,4.89
1414,6.1,1041,22.7,8.06,633,0
1415,15.6,1676,22.6,7.21,564,12.62
1416,23.7,1349,27,7.36,659,21.8
1417,5.8,969,26.6,6.76,585,0.89
1418,7.4,1482,26.1,6.45,538,0
1419,14,848,28.4,6.21,591,6.92
1420,23.7,522,26.2,7.79,672,16.35
1421,11.3,1647,24.5,6.49,608,5.24
1422,15.1,1436,26,7.73,601,9.41
1423,5.8,1643,34.7,6.98,682,0
1424,8,558,27.3,7.04,528,0
1425,24.7,1756,27.8,7.17,536,26.89
1426,24.3,1429,29.5,6.92,519,23.11
1427,5.1,1345,34.8,6.25,619,0
1428,24,1437,25.1,6.77,608,24.34
1429,17.8,1797,30.9,7.66,677,11.97
1430,22.4,1380,31.3,7.66,612,20.17
1431,14.1,1371,29.9,6.72,580,12.16
1432,15.3,1986,23.2,7.15,600,10.63
1433,14.8,1635,30.8,6.48,606,11.77
1434,18.3,1163,22.8,6.53,516,14.44
1435,7.8,1561,29.7,6.06,736,0.63
1436,5.6,1084,31.6,8.24,626,0
1437,11.2,843,24.7,6.53,611,6.53
1438,19.1,1395,32.9,6.57,631,18.69
1439,9,1892,22.4,6.7,635,1.77
1440,18.5,1894,33,6.32,593,13.58
1441,24.4,1013,28,7.6,568,16.65
1442,6.9,1292,24.8,6.19,630,0.28
1443,18.5,817,23.7,6.34,619,12.27
1444,13.9,1993,34.4,7.61,560,10.45
1445,22.4,1972,22.9,6.85,671,22.82
1446,8.5,1474,24.6,7.77,615,0.03
1447,18.9,1707,26.5,7.39,636,16.57
1448,21.8,1573,30.1,6.64,670,23.89
1449,23.9,1390,29.1,7.63,601,19.15
1450,18.7,580,23.6,6.29,616,11.25
1451,14.9,1182,25.8,7.34,641,9.01
1452,17.4,1512,25.1,7.09,564,15.14
1453,22.4,1516,24.8,6.67,603,20.99
1454,16.4,1060,27.3,7.51,606,11.79
1455,5.6,1913,31.2,8.18,552,1.16
1456,23.6,751,24.8,8.5,716,15.77
1457,18.8,1251,26.8,7.52,530,13.02
1458,18.5,1536,27.1,7.01,535,15.87
1459,9.3,1546,34.7,6.56,666,1.48
1460,18.2,1473,34.4,6.64,636,15.9
1461,12.9,913,32.4,7.2,549,8.26
1462,18,734,25.1,6.92,630,13.87
1463,7.1,1454,22.9,8.28,673,0.22
1464,18.2,1399,26.1,6.92,598,15.15
1465,25,769,25.5,6.93,730,23.47
1466,6,1558,28.6,6.96,514,0.1
1467,24.5,1183,32.1,8.09,635,21.5
1468,13.1,1502,33.2,7.63,658,5.01
1469,22.4,1756,33,7.54,645,14.24
1470,20.6,755,26.7,6.84,590,17.33
1471,16.3,529,30.9,8.04,585,7.27
1472,19.8,1669,26.1,6.1,622,15.01
1473,22.6,1415,22.8,8.18,641,16.81
1474,13.1,1549,31.1,7.28,630,11.57
1475,11.5,1757,22.1,7,652,7.1
1476,18.4,1704,27.3,7.24,549,17.23
1477,21.2,1941,26.3,7.67,589,19.11
1478,20.2,1304,31,6.03,553,16.18
1479,21,1233,32,8.18,581,15.71
1480,13.7,1103,26,7.12,651,10.46
1481,21.4,731,32.6,6.86,605,17.08
1482,7.4,1359,25.8,6.35,730,0.48
1483,15.9,916,27.8,7.1,610,9.19
1484,5.1,1882,31.5,7.24,603,0.31
1485,11.5,1375,31,7.01,605,6.85
1486,12.3,1389,34.8,7.7,568,9.14
1487,12.9,1032,24.9,7.05,597,5.28
1488,18.9,578,30.6,8.4,656,11.18
1489,12.8,548,29.9,7.5,606,8.3
1490,14,1135,33.9,8.02,560,8.69
1491,9.8,627,24,6.27,554,2.91
1492,12.5,1410,31.8,6.99,577,6.67
1493,9.5,1821,29.4,6.84,604,3.08
1494,6.5,1824,25.6,7.42,660,1.87
1495,17.1,1489,28.2,8.15,533,11.88
1496,18.4,817,26.3,6.2,584,12.19
1497,17.4,1794,29.5,6.18,607,13.03
1498,14.3,1829,33.6,8.13,508,7.89
1499,12.6,795,29.4,6.53,558,8.58
1500,22.3,1606,30.2,7.67,566,19.65
1501,15.4,930,28.7,7.36,560,14.45
1502,14.6,1704,22.7,8.08,610,7.32
1503,5.5,1996,25,6.31,592,1.23
1504,11.8,545,28.4,6.32,572,2.79
1505,12.6,1846,26,7.39,621,8.71
1506,13,1434,24.4,8.37,686,8.22
1507,16.6,1960,28.6,7.04,682,12.09
1508,15.7,1198,26.2,6.82,504,11.38
1509,17.2,1771,25.4,7.52,629,11.48
1510,20.3,594,28,8.33,591,12.15
1511,21.3,1003,23.7,8.09,608,15.33
1512,19.4,601,34.1,8.49,580,14.71
1513,24.1,1963,33.3,6.06,606,23
1514,5.4,1725,31.2,6.28,608,0.31
1515,8.9,1779,23.4,7.52,571,2.45
1516,5.2,1907,32.1,8.05,555,0
1517,17.9,628,32.5,6.71,578,12.35
1518,23,1078,32,6.6,612,23.91
1519,9.9,607,23.5,7.97,630,3.17
1520,23.5,816,30.4,6.14,643,18.21
1521,6.2,844,32.8,6.92,575,0
1522,23.7,1204,29.5,7.26,614,22.58
1523,12,903,30.4,7.4,648,6.41
1524,7,651,28,7.82,658,0
1525,14.7,751,28.9,6.89,597,7.23
1526,10.1,721,22.4,7.53,589,2.12
1527,10.7,1960,30.3,7.46,610,6.74
1528,11.1,1639,23.1,7.37,543,4.89
1529,21.1,1952,27.7,7.6,590,16.49
1530,15.8,1160,25.8,6.65,637,10.48
1531,11.2,918,29.1,6.21,632,3.85
1532,17.2,1697,23.7,6.3,586,11.49
1533,19.3,989,31,6.56,611,19.97
1534,10.5,949,32.3,7.25,559,6.29
1535,13.3,849,24.1,8.1,635,7.85
1536,7.4,695,23.4,7.75,596,1.75
1537,8.6,885,23.9,7.97,586,0.14
1538,18.6,1033,33.4,6.88,582,14.44
1539,8.6,1511,28.9,7.01,597,0.73
1540,15.5,594,28.1,6.98,578,12.32
1541,19.2,816,23.4,6.48,633,11.27
1542,7.1,1714,30.4,6.15,580,0
1543,16.3,720,33.3,7.48,680,11.62
1544,10.1,1014,32.8,8.47,673,3.19
1545,24.3,1797,30.1,6.42,555,22.48
1546,14.7,732,23,6.12,603,7.82
1547,21.1,624,23.5,7.95,567,12.22
1548,16,1227,22.6,6.63,584,12.79
1549,5.9,954,25.3,8.07,700,0
1550,17.7,1345,23.8,7.76,585,11.55
1551,24,1706,25.4,8.36,618,21.47
1552,17,706,27,7.02,627,11.38
1553,21.4,1371,34.3,7.65,550,16.88
1554,22.7,1258,29.9,7.16,557,23.08
1555,9.6,716,32.9,7.58,540,1.45
1556,9.2,1436,31.2,7.12,556,2.74
1557,17.2,910,23.5,6.47,457,11.18
1558,13.2,1232,31.6,7.27,627,11.98
1559,21.8,623,25.6,7.32,703,18.53
1560,23,1189,30.3,8.03,607,19.06
1561,12.1,960,26.4,7.84,529,6.14
1562,9.7,1734,35,7.66,568,2.02
1563,20.6,585,25.4,6.28,577,13.31
1564,10.5,1128,25.6,7.8,549,3.74
1565,21.5,1188,34.1,7.25,643,21.48
1566,13.5,1588,22.3,8.24,641,7.55
1567,18.4,1361,31.1,8.3,542,14.12
1568,6.9,1501,31.4,6.14,636,0
1569,17.5,1666,32.9,8.05,676,13.53
1570,14,1793,34.7,6.09,695,7.55
1571,16.7,971,34.7,6.92,743,13.15
1572,8.4,1307,22.8,7.36,555,3.89
1573,19.7,1760,32.7,6.37,741,17.07
1574,22.3,1984,30.4,7.87,582,20.16
1575,9.3,1834,30.4,6.02,570,5.86
1576,6.9,1057,23.7,6.42,616,0
1577,5.5,793,30.5,7.45,571,0
1578,17.8,1234,34.8,7.79,620,15.65
1579,17.1,1612,33.9,8.29,534,13.08
1580,15.9,1239,27.7,7.76,588,9.72
1581,9.6,1225,22.5,7.68,664,1.02
1582,12.8,1757,26.7,6.99,597,9.4
1583,16.9,1042,32.7,6,607,12.1
1584,14.9,1790,31.1,6.3,624,8.59
1585,24.8,1110,28,7.34,659,23.74
1586,7.7,992,22.7,7.69,517,0
1587,18.9,1181,27.5,7.04,629,16.59
1588,13.1,1644,28.1,7.83,587,5.75
1589,13.6,689,34.1,7.3,608,10.5
1590,19.4,795,30.3,6.19,653,14.46
1591,18.8,1927,26.1,6.48,540,14.33
1592,24.8,763,28.8,8.1,549,18.17
1593,7.6,1352,22.9,7.81,503,0
1594,7.1,1369,34.6,8.24,573,0
1595,19.5,1234,26.7,6.29,667,13.27
1596,16.6,1467,28.2,8.48,594,10.92
1597,10.5,845,26.6,6.52,533,6.81
1598,6.6,1329,30.9,6.03,576,1.42
1599,6.7,1058,30.6,8.49,526,1.4
1600,22.9,1493,31.3,6.7,544,24.35
1601,8.8,712,25.5,7.67,619,0.15
1602,11.5,1356,26.1,6.44,541,5.01
1603,9.5,778,23.6,7.45,656,4.51
1604,12.1,918,30.5,8.26,596,3.67
1605,6.4,828,22.5,6.8,604,0.95
1606,15.4,774,29.8,7.68,586,12.28
1607,6.4,1739,33.3,6.47,639,1.59
1608,21,929,33.6,7.56,639,17.86
1609,9.7,1891,27.8,6.84,617,4.48
1610,15.8,1955,28,6.53,628,15.28
1611,22.6,1357,23,6.78,589,19.88
1612,18,715,30.7,6.45,627,12.72
1613,15.7,1062,32.7,8.25,583,10.89
1614,11.5,1697,25.2,6.99,600,6.99
1615,11.7,1051,27.5,6.61,586,8.16
1616,18.4,631,32.9,7.12,577,13.8
1617,24.9,1335,33.4,6.8,566,26.27
1618,18.2,1768,25.2,7.86,623,13.74
1619,16.2,1694,29.2,8.43,666,9.85
1620,19.6,763,24.5,7.1,659,15.64
1621,14.3,1509,23.3,8.15,537,5.71
1622,6.2,831,33.8,7.41,664,1.57
1623,16.2,827,32.7,6.39,584,10.16
1624,24.2,1811,31.9,7.73,630,21.58
1625,8.5,875,22.6,7.28,555,0.58
1626,18.8,895,33,7.63,607,12.74
1627,9,501,27.7,8.22,616,2.99
1628,15.7,1806,26.5,7.1,526,13.98
1629,6.9,1689,29.1,8.25,630,0
1630,14,1441,23.2,7.88,667,6.57
1631,20.1,1625,31.8,7.22,591,21.22
1632,12,728,29.6,7.51,668,4.05
1633,18.3,1187,24.4,6.81,591,15.01
1634,20.9,1027,24.4,8.46,642,14.75
1635,23.5,641,24.4,7.67,489,16.45
1636,9.7,1229,22.7,6.11,721,4.17
1637,13,1881,29.6,6.82,675,7.55
1638,8,560,32.9,7.56,586,0
1639,24.8,937,22.2,6.14,501,17.09
1640,23.5,811,22.6,6.06,614,18.97
1641,15.8,857,29.4,7.13,528,14.48
1642,21.8,1863,32.7,6.83,622,26.79
1643,15.4,1202,26.2,7.1,621,11.07
1644,17.5,1199,26.5,6.66,553,11.49
1645,6.8,1641,29.8,6.41,656,0
1646,20.1,732,25.6,7.72,640,12.15
1647,7.6,1231,22.3,7.29,649,0
1648,21.5,1145,31.6,6.5,600,22.38
1649,20.6,1395,30.1,6.8,529,21.15
1650,19.2,1999,29.5,7.48,649,19.92
1651,5.7,1654,31.6,6.18,586,0
1652,11.1,1097,30.8,6.37,531,3.16
1653,10.3,1741,24.7,6.18,668,4.29
1654,12.2,756,26.6,8.03,705,6.31
1655,6.8,546,23.6,7.88,598,0.59
1656,23.7,807,23.7,7.88,708,15.08
1657,16.1,1011,30.8,7.79,605,11.07
1658,11.1,1266,33.2,7.67,581,5.56
1659,12.9,1423,34.5,7.19,568,7.45
1660,13.9,1866,30.2,7.61,682,7.81
1661,17,1265,24.4,6.1,561,12.01
1662,15.3,1252,23.4,7.55,637,8.64
1663,23.4,575,32.6,7.94,572,19.32
1664,14.9,552,29.5,7.25,577,10.44
1665,24.8,1327,30,6.89,652,24.87
1666,22,1157,32.2,6.69,581,21.3
1667,9.2,1759,31.1,7.61,580,2.88
1668,23.6,741,32.8,7.73,657,16.74
1669,7.3,537,22.7,8.18,680,0
1670,21.3,1174,31.7,6.86,632,21.38
1671,12.6,856,33.1,7.92,567,7.45
1672,22.6,574,25.7,7.4,574,19.27
1673,22.4,1587,30.3,8.21,604,21.24
1674,21.1,667,26.1,7.32,616,16.25
1675,20.8,1412,34.5,7.29,551,23.5
1676,11.1,922,22.4,7.44,636,3.67
1677,6.6,760,29.5,7.87,604,0
1678,13.1,1070,24.2,8.41,514,3.74
1679,8.5,1702,31.3,6.18,554,1.2
1680,18.9,1088,24.3,6.13,575,11.84
1681,11.9,1626,25.1,8.34,596,6.59
1682,24.5,688,28.4,7.32,694,22.13
1683,17.8,1659,33.9,7.54,612,12.22
1684,21.4,855,24.8,7.21,558,17.33
1685,7.7,1516,23.9,6.23,611,0
1686,22.2,1349,31.9,7.92,582,15.62
1687,23.5,1894,28.5,7.87,616,19.58
1688,14.7,1081,33.9,6.78,629,9.84
1689,17.1,599,23.9,6.77,660,13.94
1690,20.3,529,30.4,8.09,599,13.61
1691,8.5,1740,25,6.18,682,2.79
1692,15.1,1287,24,8.2,645,6.58
1693,13,1663,30.9,6.64,565,10.98
1694,7.9,852,29.7,7.48,710,1.95
1695,12.4,1018,31.8,8.34,616,3.02
1696,6.4,545,26,7.7,558,0
1697,5.5,1942,27.8,7.04,683,0.74
1698,7.7,1502,27.3,7.72,704,0.97
1699,24.3,1900,34.8,6.86,598,27.7
1700,16,898,25.8,6.69,575,10.91
1701,24.3,1417,25.8,8.49,591,18.93
1702,13.6,1518,26.6,7.88,636,7.98
1703,11.2,976,29.3,7.61,664,6.41
1704,15.1,1772,25.3,6.89,629,10.88
1705,13.8,1921,33.9,6.12,605,10.7
1706,7.1,1827,25.5,6.08,675,0
1707,17.8,1609,33.6,7.39,584,15.65
1708,9.3,916,23.3,7.91,652,3.58
1709,17.4,922,30.5,7.34,586,15.23
1710,18,1945,33.8,8.1,622,16.23
1711,8,515,24.2,6.08,594,0
1712,6.2,1574,34.6,6.92,597,0
1713,20.6,1559,27.9,6.59,581,21.19
1714,14.2,1434,34.3,7.12,667,11.04
1715,6.2,1985,30.8,6.18,563,0
1716,24.9,968,25.9,8.39,563,19.49
1717,6.2,1010,24.4,6.56,706,0
1718,18.9,618,25.9,8.31,649,14.32
1719,24.7,1164,23.2,7.06,481,25.26
1720,9.8,892,23.9,8.46,572,3.73
1721,7.8,1015,23.4,7.39,509,2.04
1722,7.4,1752,27.5,8.33,552,0.1
1723,11.1,1903,32.3,6.01,443,6.56
1724,7,779,23.8,7.87,593,2.22
1725,18.8,1059,23.7,8.26,543,12.75
1726,6.2,1893,30.4,6.35,603,0
1727,15.2,593,24.6,6.24,519,5.29
1728,24.9,639,23.3,7.06,604,20.8
1729,21.3,744,24.2,8.33,579,15.31
1730,17.3,1393,34,7.36,675,16.97
1731,11.1,726,32.7,7.32,671,6.14
1732,17.5,1952,26.6,6.35,639,12.47
1733,15.5,1170,30.5,6,584,6.81
1734,13.5,1252,29,8.03,699,6.73
1735,7.6,870,30.8,6.22,522,0
1736,22.7,1206,30.9,7.58,530,17.73
1737,14,1493,30.2,8.29,596,9.41
1738,8.9,1627,25.5,6.52,713,5.72
1739,12.4,1631,22.5,7.66,590,6.34
1740,13.3,1367,27.9,6.2,591,6.95
1741,21.6,1857,33.6,7.51,528,19.05
1742,19.7,1726,29.4,6.41,647,16.08
1743,20.4,1636,32.8,7.84,648,15.84
1744,5.2,583,34.9,6.75,639,0.18
1745,13.3,510,24.1,7.16,569,7.91
1746,14.6,819,31,7.5,565,10.31
1747,5.4,1495,30.8,6.43,535,0.69
1748,10.2,1117,34.7,7.85,604,4.42
1749,20.2,1104,34.8,6.76,546,16.35
1750,7.7,1827,30.9,7.66,541,0.96
1751,15.7,1843,25.2,6.4,579,9.67
1752,9.3,1864,32.4,7.72,576,1.4
1753,5.2,971,23.4,6.32,573,0
1754,9.8,1537,32.1,7.06,623,4.95
1755,24.5,907,33.8,6.62,604,23.68
1756,21,786,27,7.87,586,11.83
1757,24.2,777,30.2,6.66,609,22.87
1758,14.8,1013,27.6,8.2,550,6.21
1759,7.2,1145,27.7,8.23,605,0.21
1760,16,1746,26,6.49,608,11.26
1761,14.1,680,31.9,7.53,525,8.77
1762,21.9,1602,34.2,6.22,650,21.8
1763,7,1297,34.2,6.98,556,0
1764,14.8,932,24.3,7.78,605,7.88
1765,8,1239,33.4,7.65,658,0.78
1766,11.5,950,31.6,7.56,646,5.63
1767,19.7,1394,25.3,6.71,602,17.98
1768,14.5,1151,22.9,6.95,582,9.17
1769,12.5,747,25.5,6.26,647,4.85
1770,12.9,675,33.9,7.8,634,4.62
1771,14.2,1320,30.2,7.26,569,11.8
1772,20.7,1854,31.4,7.77,560,18.6
1773,22.8,1016,25.3,6.62,496,21.8
1774,24.1,1600,31.4,6.81,608,25.67
1775,20.7,1488,22.4,6.84,596,17.8
1776,11.3,1897,26.9,6.06,657,3.81
1777,18.8,1731,30.1,6.85,618,18.72
1778,13.8,1350,23.9,8.01,667,5.92
1779,10.1,1486,32.7,8.24,565,6.61
1780,21.8,1848,25.1,7.3,657,20.24
1781,5.8,1099,30.5,7.14,574,0.41
1782,23,990,27.3,6.08,639,19.51
1783,14.2,516,29.7,8.2,527,8.07
1784,17.7,1740,23.4,6.03,612,12.97
1785,18.2,1701,22.2,8.36,501,11.53
1786,22.9,657,33.8,7.22,587,18.62
1787,17.7,1365,25.5,6.85,622,15.98
1788,17.3,1196,32.7,8.31,574,14.33
1789,6.3,678,35,6.06,547,0
1790,15.4,1971,24.7,7.45,642,11.05
1791,8,822,25.4,7.37,595,0
1792,19.7,601,30.6,6.55,576,14.42
1793,15.2,1392,34.6,7.07,602,12.33
1794,18.6,1608,33.9,7.63,732,17.29
1795,5.8,549,28.5,7.82,658,1.01
1796,6.7,1488,32.3,6,658,0.46
1797,19.3,1298,23.8,8.34,622,12.91
1798,6.4,655,34.7,6.41,608,0
1799,6.4,759,34.5,6.58,480,2.11
1800,5.2,1352,24.1,6.66,566,0.3
1801,24.1,945,25.9,6.09,576,14.76
1802,19.8,1907,23.3,6.31,506,14.49
1803,12.1,1728,25.5,8.47,542,4.82
1804,10.9,1975,32.6,6.79,501,5.67
1805,12,890,26.9,6.29,598,6.06
1806,20.5,1955,23.1,6.27,641,16.35
1807,18.2,1147,26.4,7.8,655,12.17
1808,8.7,1021,34.8,8.14,621,3.94
1809,8.5,576,30.2,6.64,552,0.78
1810,7,579,27.4,6.05,503,2.8
1811,18.2,1538,24.2,6.56,512,14.75
1812,20.3,1187,34.8,6.14,537,16.04
1813,10.3,840,32.7,6.26,556,3.19
1814,5.4,1421,25.7,7.08,592,0.19
1815,6.6,879,22.9,6.57,549,0.67
1816,24.4,1366,22.7,7.29,617,23.95
1817,10.9,1039,23.6,6.63,588,3.84
1818,20.4,1735,29.5,8.35,601,15.15
1819,17.5,1731,34.1,8.26,657,17.53
1820,12.6,1216,28.5,7.42,541,7.07
1821,9.1,1026,33,6.89,621,3.99
1822,7.4,1044,27.8,6.95,599,0
1823,17.3,1709,31.2,7.03,583,15.6
1824,20.5,992,31.5,7.82,644,14.87
1825,17.9,814,24.3,7.13,644,14.02
1826,15.6,627,26.7,8.14,553,4.41
1827,5.8,1200,30.3,8.36,591,0.25
1828,24.4,1223,22.9,6.84,614,21.01
1829,21,1761,26.7,7.4,586,21.47
1830,10.9,832,29,6.24,629,2.51
1831,24.6,1071,35,6.5,614,23.92
1832,17,1713,28.2,7.03,692,14.75
1833,16.6,1735,32.6,6.52,523,13.7
1834,20,1077,27.6,8.19,594,13.45
1835,21.2,1189,32.4,6.4,555,14.86
1836,18.1,955,29.7,7.14,630,12.06
1837,7.6,1899,33.5,7.51,519,1.53
1838,11.8,678,27.3,7.73,617,2.84
1839,23.6,1901,29.9,6.96,568,26.01
1840,9.5,1526,30.2,8.17,563,4.17
1841,12.4,1297,27.4,7.42,528,6.65
1842,13.6,549,23.9,7.1,577,6.41
1843,13.8,1213,23.2,6.17,654,7.62
1844,17.3,1112,22.2,7.16,599,14.72
1845,23.9,742,33.4,8.05,631,16.44
1846,9.8,1485,25.1,7.54,683,3.01
1847,7.4,1957,24.7,8.08,613,0
1848,8.9,1343,31.6,7.24,572,2.26
1849,22.7,1572,26.2,6.3,623,18.65
1850,17.9,603,28.6,6.03,573,9.63
1851,10.7,1127,24.1,6.76,575,4.15
1852,21.3,675,34.5,7.74,524,13.28
1853,22.2,1419,33.1,7.98,646,18.84
1854,21.9,1908,33.2,6.74,581,26.09
1855,23.4,1493,27.3,7.24,609,21.94
1856,10,615,31.9,7.05,548,2.92
1857,20.1,1032,23.9,7.03,622,17.44
1858,14.2,1326,22.1,6.58,562,11.36
1859,21.8,1105,22.3,6.34,593,13.18
1860,19.6,1750,29.6,6.49,644,15.61
1861,20.5,1722,27.9,6.14,640,17.13
1862,18.1,1418,28.7,6.5,599,12.96
1863,8.5,1060,22.1,6.02,512,0
1864,15.9,883,27.5,7.57,750,10.09
1865,24.7,659,31.3,6.79,687,24.77
1866,23.7,1032,27.8,8.43,636,18.33
1867,5.9,1120,31.5,6.48,562,0
1868,8.3,1514,25,6.86,594,1.06
1869,7.6,1487,32.6,6.89,573,2.65
1870,19.5,605,29.6,6.02,663,14.02
1871,21.4,1093,24.7,8.1,613,16.24
1872,9.3,773,25.1,6.08,561,2.81
1873,15.1,735,30.2,8.35,576,7.49
1874,21.8,1741,32.8,8.23,656,18.95
1875,19.7,563,27.4,7.34,680,15.04
1876,15.8,1129,25.4,7.36,676,12.48
1877,16.8,752,33.3,7.63,638,12.86
1878,15.2,1819,30.7,6.97,587,14.56
1879,11,1336,27.8,7.62,438,2.42
1880,16.3,847,28.3,6.11,615,10.11
1881,18.8,1254,24.7,6.14,600,14.02
1882,22.5,1597,30.1,7.14,607,24.27
1883,17.7,1937,26.7,7.37,603,15.64
1884,20.2,831,34.9,8.22,534,19.13
1885,8.2,1829,28.2,6.26,628,0
1886,14.2,1901,28.3,8.06,632,7.62
1887,5.2,1875,29.4,6.53,634,0.35
1888,9.9,1453,33.9,6.99,647,7.65
1889,19.5,1445,32.4,6.79,630,17.55
1890,24.8,1105,27.9,7,579,23.61
1891,7,1629,31.3,6.38,596,1.62
1892,13,1297,29.6,7.26,605,8.54
1893,21,1516,28.4,8,605,16.25
1894,9.1,1143,24.5,7.1,650,3.57
1895,16.1,1597,28,7.23,632,13.86
1896,19.7,1737,25.2,8.12,704,16.79
1897,17.3,720,33.9,7.77,710,13.08
1898,8.8,1749,26.4,7.23,604,3.09
1899,12.1,1310,34.4,6.64,408,8.06
1900,20.7,1767,28.9,8.21,662,17.52
1901,16.1,1147,30.2,7.44,573,13.35
1902,5.1,1069,29.1,6.55,560,0.08
1903,20.2,1873,23.7,6.67,580,19.61
1904,5.7,877,26.9,8.01,578,1.79
1905,19.9,1766,23.3,6.11,631,17.6
1906,9,1226,30.1,8.48,522,0.1
1907,24.2,1271,27.8,6.33,546,19.52
1908,12.4,963,32.1,7.99,617,4.95
1909,11.5,1360,24.9,6.99,631,5.75
1910,8,988,24.1,7.23,632,0.6
1911,11.1,559,27.3,8.2,561,5.02
1912,22.5,908,34,7.03,551,21.17
1913,24.9,510,31.2,7.34,575,19.16
1914,12.4,1968,27.4,6.12,612,5.43
1915,14,1949,28.7,6.01,674,10.37
1916,19.4,1093,23.1,6.61,498,11.8
1917,22.7,1593,34.8,7.7,589,22.07
1918,16.9,1019,30.7,6.3,533,11.76
1919,12.8,1507,25.7,6.28,517,8.75
1920,13.3,1708,29.6,7.03,648,9.28
1921,18.9,1920,23.4,7.62,627,11.44
1922,5.1,1100,34.6,7.78,622,0.65
1923,17.4,1675,24.3,6.45,646,14.18
1924,12.1,899,30.4,6.2,576,6.93
1925,20.9,1985,25.2,8.35,578,16.45
1926,6.9,539,31.3,6.65,709,0.13
1927,16.8,1405,32.1,8.13,588,11.07
1928,14.6,1489,30.8,8.16,637,8.05
1929,17.8,1532,30,7.93,600,14.65
1930,6.3,681,33.6,6.42,508,0
1931,16.6,1908,23,8.05,498,10.3
1932,16.2,772,26.3,7.92,571,7.7
1933,16.2,1434,25.2,7.49,653,10.62
1934,17.1,834,34.8,6.84,639,13.95
1935,18.5,961,27.1,6.66,646,16.7
1936,21.1,1320,31.5,6.3,551,16.5
1937,10.4,1126,30.9,7.27,681,2.47
1938,21.5,740,24.8,7.46,552,18.82
1939,15,756,25.1,6.9,611,12.24
1940,6.5,1127,25.7,7.19,599,0
1941,6.2,1636,27.3,6.91,591,0
1942,11.7,1847,25,7.6,667,6.52
1943,20.7,626,22.3,8.25,565,15.33
1944,19.2,1090,33.4,6.41,533,13.31
1945,20.8,650,34.6,6.95,601,16.02
1946,15.3,525,26.4,6.35,580,8.98
1947,13.8,1493,26.4,7.56,769,9.14
1948,7.9,1404,22.1,7.82,634,0.01
1949,11.6,745,30.8,8.33,580,3.97
1950,13.7,851,32.7,6.7,547,10.45
1951,6.8,536,23.9,8.38,506,0.79
1952,9.4,1752,24.1,6.16,549,1.73
1953,17,1962,32.3,7.51,606,13.45
1954,19.7,703,30,6.14,671,11.15
1955,25,847,22.6,8.23,656,18.82
1956,23.7,1803,30.1,7.32,611,25.67
1957,17.9,1890,26,7.67,584,12.88
1958,13.4,1129,26.8,8.08,613,6.98
1959,17.7,576,32,6.38,574,11.08
1960,20.7,559,32.5,6.1,686,15.46
1961,7.4,1361,27.2,8.2,591,0.89
1962,13.2,1089,34.3,6.79,596,8.62
1963,21.8,543,27.3,6.32,489,15.56
1964,12.7,1375,32,7.17,590,8.98
1965,16.4,517,28.3,7.5,642,10.65
1966,16.8,1681,33.7,6.08,547,12.46
1967,8.7,960,33.8,6.69,562,2.12
1968,12.2,560,23.1,6.08,640,5.67
1969,11.7,1383,34.2,7.05,526,6.53
1970,5.5,1097,32.7,8.24,653,0
1971,5.5,1961,32.3,8.46,573,2.95
1972,21.6,1316,24.6,7.59,581,17.64
1973,10.5,913,32.5,6.4,544,2.7
1974,15.4,1564,33.1,8.26,619,11.41
1975,11,907,25.8,7.29,723,5.21
1976,23.8,1856,34.4,6.38,639,23.21
1977,10.2,1062,22.6,8.3,557,3.5
1978,13.6,1325,23.9,7.89,657,9.06
1979,22.5,576,29,7.83,584,15.94
1980,21.8,1139,29.5,7.77,669,16.62
1981,8.7,1749,30.4,6.5,640,4.24
1982,21.1,1708,22.2,6.53,453,20.3
1983,14.2,836,34.5,7.72,550,8.15
1984,14.7,839,22.6,6.55,647,9.73
1985,7.7,1726,23.9,7.1,608,0
1986,6.6,1896,22.2,7.96,549,0.01
1987,19.6,643,29.4,7.96,568,11.89
1988,14.9,1175,34.1,7.13,505,10.37
1989,13.7,1006,30.7,7.98,596,5.98
1990,19.6,1806,32.7,8.1,711,14.44
1991,20.3,625,22.2,7.64,640,11.2
1992,8.2,817,29,6.57,710,1.25
1993,17.2,1629,28,6.69,644,15.31
1994,7.7,577,28.5,6.79,651,0
1995,20,1239,22.9,6.29,699,10.46
1996,18.1,1163,30.9,6.68,619,17.99
1997,24.1,1002,28.5,6.52,591,24.37
1998,6.4,1092,31.9,7.14,652,0.67
1999,6.1,1295,28.3,8.27,673,2.86
2000,10.6,742,23.9,6.26,576,2.11
